home_bet,away_bet,home_net,away_net,net_bets,expected_value
0,1,0.0,-1,-1.0,-0.1548072122797301
0,1,0.0,-1,-1.0,-0.5437563651119605
1,1,-1.0,0.4444444444444444,-0.5555555555555556,-0.2532459096292844
1,1,-1.0,1.2000000000000002,0.20000000000000018,-0.43666089064335323
0,1,0.0,-1,-1.0,-0.2799253019061833
1,1,-1.0,0.5263157894736843,-0.4736842105263157,-0.480535630334316
1,1,-1.0,0.4444444444444444,-0.5555555555555556,-0.14966594266453248
1,1,0.704225352112676,-1,-0.295774647887324,-0.42974363938515336
1,1,-1.0,1.25,0.25,-0.15273997988843696
0,1,0.0,-1,-1.0,-0.5370255374229655
0,1,0.0,0.8333333333333335,0.8333333333333335,-0.12101809343190173
0,1,0.0,-1,-1.0,-0.14618265271569209
1,1,-1.0,1.6500000000000004,0.6500000000000004,-0.4125567707494132
1,1,-1.0,1.54,0.54,-0.15826489477350875
1,1,-1.0,0.7142857142857142,-0.2857142857142858,-0.22199751719025418
1,1,0.588235294117647,-1,-0.41176470588235303,-0.13655198230543508
0,1,0.0,-1,-1.0,-0.13395299232249225
1,1,0.8695652173913044,-1,-0.13043478260869557,-0.4181124599002876
0,1,0.0,1.08,1.08,-0.1124937572955913
1,1,0.5,-1,-0.5,-0.3144793688783758
1,1,0.7407407407407405,-1,-0.2592592592592595,-0.12532076597832736
0,1,0.0,1.0,1.0,-0.3939622209748319
1,1,-1.0,0.9523809523809523,-0.04761904761904767,-0.16309401003733243
1,1,-1.0,1.5,0.5,-0.2093651242739374
1,1,0.5714285714285714,-1,-0.4285714285714286,-0.11017515671241151
1,1,1.6500000000000004,-1,0.6500000000000004,-0.441948955812055
1,1,0.6896551724137931,-1,-0.31034482758620685,-0.36726495635592854
1,1,0.6060606060606062,-1,-0.3939393939393938,-0.22342857099943386
1,1,0.8474576271186443,-1,-0.15254237288135575,-0.2160607704771479
0,1,0.0,-1,-1.0,-0.1544827940795938
1,1,0.8620689655172411,-1,-0.1379310344827589,-0.37349212326871306
1,1,0.33333333333333326,-1,-0.6666666666666667,-0.009500838894839492
1,1,-1.0,0.8771929824561406,-0.12280701754385936,-0.10287792972732362
1,1,0.6666666666666667,-1,-0.33333333333333326,-0.013903448937026386
0,1,0.0,-1,-1.0,-0.06985479161081365
1,1,0.6060606060606062,-1,-0.3939393939393938,-0.09711026256154076
1,1,0.5555555555555554,-1,-0.44444444444444464,-0.3672825649521625
1,1,-1.0,1.5,0.5,-0.09564410095041281
0,1,0.0,-1,-1.0,-0.35306427817324915
1,1,0.4347826086956521,-1,-0.5652173913043479,-0.1372527833930139
0,1,0.0,0.6060606060606062,0.6060606060606062,-0.32189456133552985
0,1,0.0,-1,-1.0,-0.5184216227272538
0,1,0.0,-1,-1.0,-0.18955418725176537
0,1,0.0,-1,-1.0,-0.25958082792694454
1,1,-1.0,1.0500000000000003,0.050000000000000266,-0.5109680473322764
1,1,-1.0,0.909090909090909,-0.09090909090909105,-0.3555327886731665
1,1,-1.0,1.25,0.25,-0.5182903875911102
1,1,0.909090909090909,-1,-0.09090909090909105,-0.5797533247792335
1,1,-1.0,1.0500000000000003,0.050000000000000266,-0.009808821570879755
0,1,0.0,-1,-1.0,-0.3804497719931763
0,1,0.0,-1,-1.0,-0.1632776370320269
0,1,0.0,-1,-1.0,-0.19066406939394942
1,1,0.7407407407407405,-1,-0.2592592592592595,-0.04863898321796467
1,1,0.909090909090909,-1,-0.09090909090909105,-0.3158427183362351
1,1,-1.0,1.1600000000000001,0.16000000000000014,-0.6530786529339047
0,1,0.0,0.7407407407407405,0.7407407407407405,-0.1820075981431558
1,1,-1.0,1.5500000000000003,0.5500000000000003,-0.3786611284943309
0,1,0.0,1.4,1.4,-0.44056448853684577
0,1,0.0,-1,-1.0,-0.15067228493822044
0,1,0.0,1.2000000000000002,1.2000000000000002,-0.3371431848525441
1,1,-1.0,1.1000000000000005,0.10000000000000053,-0.4469512498226637
1,1,0.909090909090909,-1,-0.09090909090909105,-0.1819477956252843
0,1,0.0,-1,-1.0,-0.07853862381090171
1,1,0.909090909090909,-1,-0.09090909090909105,-0.23649469319941302
0,1,0.0,-1,-1.0,-0.6112526636580033
1,1,0.8695652173913044,-1,-0.13043478260869557,-0.0655381911644472
1,1,0.5714285714285714,-1,-0.4285714285714286,-0.1329214523633972
0,1,0.0,-1,-1.0,-0.5241880630477413
1,1,0.7407407407407405,-1,-0.2592592592592595,-0.4003187653555342
0,1,0.0,0.9523809523809523,0.9523809523809523,-0.19444620583588096
0,1,0.0,-1,-1.0,-0.15486757083217456
1,1,-1.0,1.1500000000000004,0.15000000000000036,-0.234431044774226
1,1,-1.0,0.6896551724137931,-0.31034482758620685,-0.0828864053292232
1,1,0.29850746268656736,-1,-0.7014925373134326,-0.24054524045659637
1,1,-1.0,0.8403361344537814,-0.1596638655462186,-0.10853286893837222
1,1,-1.0,1.0500000000000003,0.050000000000000266,-0.5576958088048678
0,1,0.0,0.7692307692307694,0.7692307692307694,-0.1503607782765516
1,1,-1.0,1.1000000000000005,0.10000000000000053,-0.1130504459034265
0,1,0.0,-1,-1.0,-0.09489764045535393
0,1,0.0,-1,-1.0,-0.17997324920325886
0,1,0.0,-1,-1.0,-0.4110142679003298
0,1,0.0,-1,-1.0,-0.4729394326609
1,1,0.5263157894736843,-1,-0.4736842105263157,-0.298566779790754
0,1,0.0,-1,-1.0,-0.3079576505346423
0,1,0.0,1.25,1.25,-0.11461804041427515
1,1,-1.0,1.1000000000000005,0.10000000000000053,-0.054937376257298054
1,1,-1.0,1.0500000000000003,0.050000000000000266,-0.4233640005036305
0,1,0.0,0.6451612903225807,0.6451612903225807,-0.08714823922288434
1,1,0.303030303030303,-1,-0.696969696969697,-0.017145890000491465
1,1,-1.0,1.1500000000000004,0.15000000000000036,-0.12300026260028002
0,1,0.0,1.33,1.33,-0.08632786784964308
1,1,0.7407407407407405,-1,-0.2592592592592595,-0.23174117974376812
1,1,0.8333333333333335,-1,-0.16666666666666652,-0.13936812282881322
0,1,0.0,0.7692307692307694,0.7692307692307694,-0.2388067015806088
0,1,0.0,-1,-1.0,-0.2857076841321415
0,1,0.0,-1,-1.0,-0.3489546037156938
0,1,0.0,0.8333333333333335,0.8333333333333335,-0.4177621238856046
0,1,0.0,1.0,1.0,-0.28174151912612055
1,1,-1.0,0.6060606060606062,-0.3939393939393938,-0.042365694226765505
1,1,-1.0,2.0,1.0,-0.24584257181038965
0,1,0.0,-1,-1.0,-0.4215341171475768
0,1,0.0,-1,-1.0,-0.5856047625043417
1,1,0.909090909090909,-1,-0.09090909090909105,-0.12029406302839357
1,1,-1.0,0.5555555555555554,-0.44444444444444464,-0.08290295330409714
1,1,-1.0,1.1500000000000004,0.15000000000000036,-0.07328659135442389
1,1,0.9259259259259258,-1,-0.07407407407407418,-0.26877155092245075
1,1,1.1000000000000005,-1,0.10000000000000053,-0.012104518514436058
1,1,-1.0,1.2000000000000002,0.20000000000000018,-0.11375552588126736
0,1,0.0,-1,-1.0,-0.11778890304413026
0,1,0.0,-1,-1.0,-0.1566151211521261
0,1,0.0,0.8333333333333335,0.8333333333333335,-0.20376824974523117
0,1,0.0,0.6666666666666667,0.6666666666666667,-0.37914606256814
1,1,-1.0,1.1500000000000004,0.15000000000000036,-0.08743001590604316
0,1,0.0,0.7999999999999998,0.7999999999999998,-0.3593153107396011
0,1,0.0,-1,-1.0,-0.457559935037171
0,1,0.0,0.9523809523809523,0.9523809523809523,-0.2525192060669618
0,1,0.0,1.7600000000000002,1.7600000000000002,-0.4807169072552024
1,1,-1.0,0.6896551724137931,-0.31034482758620685,-0.23381764021829704
1,1,-1.0,0.5,-0.5,-0.5911182663108772
1,1,0.8333333333333335,-1,-0.16666666666666652,-0.053926386063331444
0,1,0.0,-1,-1.0,-0.5025694920076347
1,1,1.6500000000000004,-1,0.6500000000000004,-0.04016263607034831
1,1,-1.0,0.7999999999999998,-0.20000000000000018,-0.22497327759750274
1,1,1.4500000000000002,-1,0.4500000000000002,-0.1132320245576478
0,1,0.0,-1,-1.0,-0.3235927544295752
1,1,-1.0,1.2000000000000002,0.20000000000000018,-0.0802386596973198
1,1,0.6666666666666667,-1,-0.33333333333333326,-0.45239075838152765
0,1,0.0,-1,-1.0,-0.5984989319516036
1,1,0.9523809523809523,-1,-0.04761904761904767,-0.11457233224371588
0,1,0.0,-1,-1.0,-0.08123909145377217
1,1,-1.0,0.6451612903225807,-0.35483870967741926,-0.12602796294673496
0,1,0.0,0.7692307692307694,0.7692307692307694,-0.4265549367208902
1,1,0.909090909090909,-1,-0.09090909090909105,-0.15485645179893825
0,1,0.0,-1,-1.0,-0.5699958137795254
1,1,1.5300000000000002,-1,0.5300000000000002,-0.46633408332001747
1,1,1.25,-1,0.25,-0.5205002439186934
1,1,0.5617977528089888,-1,-0.4382022471910112,-0.2910460417127196
1,1,1.25,-1,0.25,-0.012401552553479078
1,1,-1.0,0.6896551724137931,-0.31034482758620685,-0.022244861226044965
0,1,0.0,-1,-1.0,-0.3198175020432255
1,1,-1.0,1.9,0.8999999999999999,-0.4155278076093497
0,1,0.0,1.1000000000000005,1.1000000000000005,-0.207254653435618
0,1,0.0,-1,-1.0,-0.2928592012170701
0,1,0.0,0.8771929824561406,0.8771929824561406,-0.2774452354975267
1,1,-1.0,0.8333333333333335,-0.16666666666666652,-0.3772024104075981
1,1,-1.0,0.9523809523809523,-0.04761904761904767,-0.08794929794216277
1,1,1.7000000000000006,-1,0.7000000000000006,-0.18754115654630743
1,1,-1.0,0.6896551724137931,-0.31034482758620685,-0.28062048408181856
0,1,0.0,0.6060606060606062,0.6060606060606062,-0.24671582397041386
0,1,0.0,1.2800000000000002,1.2800000000000002,-0.4173949873463344
0,1,0.0,-1,-1.0,-0.23904154100249486
0,1,0.0,-1,-1.0,-0.3188923077947166
1,1,-1.0,0.909090909090909,-0.09090909090909105,-0.16314407768046468
0,1,0.0,-1,-1.0,-0.5859256787462961
1,1,0.462962962962963,-1,-0.537037037037037,-0.002043037566296646
0,1,0.0,-1,-1.0,-0.455663737698777
0,1,0.0,1.5500000000000003,1.5500000000000003,-0.09221258578917246
1,1,0.6060606060606062,-1,-0.3939393939393938,-0.3548972609393427
0,1,0.0,1.0,1.0,-0.3482744126639168
0,1,0.0,0.9523809523809523,0.9523809523809523,-0.12962561000512246
1,1,0.7692307692307694,-1,-0.23076923076923062,-0.009067136020798228
0,1,0.0,1.2000000000000002,1.2000000000000002,-0.15401456675077219
0,1,0.0,0.909090909090909,0.909090909090909,-0.17395014720496743
1,1,0.5405405405405406,-1,-0.45945945945945943,-0.40268884008558636
0,1,0.0,0.8695652173913044,0.8695652173913044,-0.23262416931958502
1,1,0.641025641025641,-1,-0.35897435897435903,-0.19968049099741597
1,1,-1.0,1.85,0.8500000000000001,-0.11103304888624033
0,1,0.0,-1,-1.0,-0.3308858433959504
0,1,0.0,0.4761904761904763,0.4761904761904763,-0.04072223365770494
1,1,-1.0,0.8695652173913044,-0.13043478260869557,-0.2765772439349604
0,1,0.0,0.8196721311475408,0.8196721311475408,-0.3105580200047342
1,1,-1.0,1.4500000000000002,0.4500000000000002,-0.03570585775704205
0,1,0.0,-1,-1.0,-0.13323472611888565
0,1,0.0,-1,-1.0,-0.1505115434727594
1,1,-1.0,0.909090909090909,-0.09090909090909105,-0.11299300936660567
1,1,0.641025641025641,-1,-0.35897435897435903,-0.012614351363635146
1,1,-1.0,1.1000000000000005,0.10000000000000053,-0.4670705434015461
1,1,0.5263157894736843,-1,-0.4736842105263157,-0.25820934564772824
1,1,-1.0,0.7142857142857142,-0.2857142857142858,-0.14962282322175396
1,1,-1.0,0.9523809523809523,-0.04761904761904767,-0.037445876489415664
1,1,-1.0,2.4000000000000004,1.4000000000000004,-0.04952406660309336
0,1,0.0,1.35,1.35,-0.37289479993462915
1,1,-1.0,0.5405405405405406,-0.45945945945945943,-0.3858055457823613
0,1,0.0,-1,-1.0,-0.1821893379235226
0,1,0.0,1.4,1.4,-0.2156081235430916
0,1,0.0,-1,-1.0,-0.5370169991069894
0,1,0.0,-1,-1.0,-0.25722521222938105
0,1,0.0,-1,-1.0,-0.5277902300934487
1,1,-1.0,2.0,1.0,-0.19991622372698387
0,1,0.0,-1,-1.0,-0.5380322026140938
0,1,0.0,-1,-1.0,-0.5313141786424846
0,1,0.0,1.1800000000000002,1.1800000000000002,-0.2827633921997463
1,1,-1.0,1.6,0.6000000000000001,-0.29019282760088116
0,1,0.0,1.2000000000000002,1.2000000000000002,-0.28398512523129077
0,1,0.0,-1,-1.0,-0.40115968707431315
1,1,0.3999999999999999,-1,-0.6000000000000001,-0.2856008828857168
0,1,0.0,-1,-1.0,-0.19184933239013868
1,1,1.2000000000000002,-1,0.20000000000000018,-0.40480889836562894
1,1,-1.0,1.0300000000000002,0.03000000000000025,-0.13184164428916317
1,1,-1.0,1.2000000000000002,0.20000000000000018,-0.12213219618825105
0,1,0.0,0.909090909090909,0.909090909090909,-0.2853092196698443
1,1,-1.0,1.0500000000000003,0.050000000000000266,-0.30175133544335986
1,1,0.5,-1,-0.5,-0.05208176743745091
0,1,0.0,2.5999999999999996,2.5999999999999996,-0.1463097464723624
1,1,-1.0,0.909090909090909,-0.09090909090909105,-0.4620632782348084
1,1,0.3999999999999999,-1,-0.6000000000000001,-0.0027198348308059006
0,1,0.0,-1,-1.0,-0.25841538858386753
0,1,0.0,-1,-1.0,-0.46986311665707664
1,1,-1.0,1.4,0.3999999999999999,-0.27342797039711375
0,1,0.0,-1,-1.0,-0.18671821379025028
0,1,0.0,-1,-1.0,-0.31171289928155616
0,1,0.0,1.8000000000000003,1.8000000000000003,-0.25638793786758396
1,1,0.5,-1,-0.5,-0.37516650174839894
1,1,-1.0,1.6,0.6000000000000001,-0.23287723537358357
0,1,0.0,-1,-1.0,-0.14062894942146603
0,1,0.0,-1,-1.0,-0.10968652699505516
1,1,-1.0,0.7407407407407405,-0.2592592592592595,-0.6415009576465851
0,1,0.0,-1,-1.0,-0.35112873109526616
1,1,0.7142857142857142,-1,-0.2857142857142858,-0.23015613844115573
0,1,0.0,-1,-1.0,-0.3592315061641125
1,1,0.5,-1,-0.5,-0.08968718054172192
1,1,-1.0,1.2000000000000002,0.20000000000000018,-0.08441257909137351
1,1,-1.0,1.1500000000000004,0.15000000000000036,-0.3293101088952904
0,1,0.0,-1,-1.0,-0.40094412431208354
1,1,1.1000000000000005,-1,0.10000000000000053,-0.35857319811997507
0,1,0.0,-1,-1.0,-0.212836920677836
1,1,1.0500000000000003,-1,0.050000000000000266,-0.2803670177715033
1,1,0.5208333333333335,-1,-0.4791666666666665,-0.16235013459297581
1,1,-1.0,1.4500000000000002,0.4500000000000002,-0.1957309993650439
1,1,1.0,-1,0.0,-0.2523494579363796
1,1,0.7692307692307694,-1,-0.23076923076923062,-0.032709471746351804
1,1,-1.0,1.2000000000000002,0.20000000000000018,-0.034381512812760084
1,1,0.5,-1,-0.5,-0.051993460492263
1,1,-1.0,0.7692307692307694,-0.23076923076923062,-0.3001067006668219
1,1,0.6896551724137931,-1,-0.31034482758620685,-0.03617045623914622
1,1,0.4347826086956521,-1,-0.5652173913043479,-0.15444735275565707
1,1,0.32258064516129026,-1,-0.6774193548387097,-0.26700697143143015
0,1,0.0,-1,-1.0,-0.36441243241756327
0,1,0.0,-1,-1.0,-0.052848174777012424
1,1,-1.0,0.7142857142857142,-0.2857142857142858,-0.20648048146551762
1,1,0.5714285714285714,-1,-0.4285714285714286,-0.16830829636531275
0,1,0.0,-1,-1.0,-0.08605376460702863
1,1,-1.0,1.1000000000000005,0.10000000000000053,-0.11875574153326535
1,1,-1.0,1.3400000000000003,0.3400000000000003,-0.40069997227153836
0,1,0.0,-1,-1.0,-0.4328344027142548
0,1,0.0,-1,-1.0,-0.07026744598587953
0,1,0.0,-1,-1.0,-0.2921274679586563
1,1,-1.0,1.0,0.0,-0.6702193269396132
1,1,-1.0,1.0500000000000003,0.050000000000000266,-0.36621659144483576
1,1,0.5,-1,-0.5,-0.2466620469615154
1,1,0.7999999999999998,-1,-0.20000000000000018,-0.1169980066658774
0,1,0.0,-1,-1.0,-0.30275134450372204
0,1,0.0,-1,-1.0,-0.36874242969887044
1,1,-1.0,1.0500000000000003,0.050000000000000266,-0.5245645772624594
1,1,-1.0,1.2000000000000002,0.20000000000000018,-0.060137533609636806
1,1,0.8695652173913044,-1,-0.13043478260869557,-0.3552338358874101
1,1,0.7999999999999998,-1,-0.20000000000000018,-0.15602630257854366
0,1,0.0,1.85,1.85,-0.1944722478973555
1,1,0.3999999999999999,-1,-0.6000000000000001,-0.018180785057011206
1,1,0.8333333333333335,-1,-0.16666666666666652,-0.14256164905171703
0,1,0.0,-1,-1.0,-0.41374290730475843
1,1,1.1500000000000004,-1,0.15000000000000036,-0.3455094926524982
0,1,0.0,-1,-1.0,-0.20762865111070877
1,1,-1.0,0.7407407407407405,-0.2592592592592595,-0.5939846617281385
1,1,-1.0,0.558659217877095,-0.44134078212290495,-0.2464286898685341
1,1,-1.0,1.2000000000000002,0.20000000000000018,-0.32731177490734037
1,1,-1.0,1.4,0.3999999999999999,-0.2512047083047019
1,1,-1.0,1.6500000000000004,0.6500000000000004,-0.3280809303042772
1,1,0.8695652173913044,-1,-0.13043478260869557,-0.006975730844893613
0,1,0.0,-1,-1.0,-0.30925492636011714
1,1,1.4,-1,0.3999999999999999,-0.08340319275085362
1,1,0.5,-1,-0.5,-0.6092255279806954
1,1,0.7999999999999998,-1,-0.20000000000000018,-0.08366551435625919
1,1,-1.0,1.35,0.3500000000000001,-0.11952507856541456
1,1,1.4,-1,0.3999999999999999,-0.03660205113249193
0,1,0.0,0.8333333333333335,0.8333333333333335,-0.1893184914284603
0,1,0.0,-1,-1.0,-0.21389834156467996
1,1,1.0500000000000003,-1,0.050000000000000266,-0.11723571251213782
1,1,-1.0,1.7000000000000006,0.7000000000000006,-0.1831865646211952
0,1,0.0,-1,-1.0,-0.41000642673418364
1,1,-1.0,0.7999999999999998,-0.20000000000000018,-0.15844926481428734
1,1,-1.0,1.0500000000000003,0.050000000000000266,-0.1051798120345393
1,1,0.8333333333333335,-1,-0.16666666666666652,-0.024139087525988423
0,1,0.0,-1,-1.0,-0.3447356262368791
1,1,-1.0,1.2000000000000002,0.20000000000000018,-0.0171813284239275
0,1,0.0,-1,-1.0,-0.32102807723841204
1,1,-1.0,0.7692307692307694,-0.23076923076923062,-0.6754970192226559
1,1,-1.0,1.2599999999999998,0.2599999999999998,-0.37661501770333433
0,1,0.0,2.4000000000000004,2.4000000000000004,-0.586124684081176
1,1,-1.0,1.5,0.5,-0.07018793153059921
0,1,0.0,-1,-1.0,-0.44412920098493636
0,1,0.0,-1,-1.0,-0.6193768818110386
1,1,-1.0,0.8695652173913044,-0.13043478260869557,-0.1919538926162655
1,1,-1.0,1.0,0.0,-0.17230276194843092
0,1,0.0,-1,-1.0,-0.24600128654355657
1,1,-1.0,0.9523809523809523,-0.04761904761904767,-0.05170855495874238
1,1,-1.0,0.4444444444444444,-0.5555555555555556,-0.11708214268299677
0,1,0.0,-1,-1.0,-0.13710671001377395
0,1,0.0,-1,-1.0,-0.36092599034901174
0,1,0.0,-1,-1.0,-0.21649373279310663
1,1,-1.0,0.8333333333333335,-0.16666666666666652,-0.3097937770748309
1,1,1.35,-1,0.3500000000000001,-0.10167756118373894
1,1,-1.0,1.29,0.29000000000000004,-0.29536858194545285
1,1,0.625,-1,-0.375,-0.019966681856714796
1,1,-1.0,1.1500000000000004,0.15000000000000036,-0.11938468616297071
0,1,0.0,0.3999999999999999,0.3999999999999999,-0.06375063987635515
1,1,1.7500000000000004,-1,0.7500000000000004,-0.3446191770574938
0,1,0.0,0.909090909090909,0.909090909090909,-0.4121748171350954
0,1,0.0,0.5434782608695652,0.5434782608695652,-0.10605118215297255
1,1,-1.0,1.6,0.6000000000000001,-0.13192128896993044
0,1,0.0,0.7999999999999998,0.7999999999999998,-0.32914146362355157
0,1,0.0,-1,-1.0,-0.4489880037860781
1,1,-1.0,1.25,0.25,-0.021963002317451463
1,1,0.6666666666666667,-1,-0.33333333333333326,-0.004635083852929656
1,1,-1.0,0.6060606060606062,-0.3939393939393938,-0.0764710679420193
0,1,0.0,-1,-1.0,-0.2994632621493818
0,1,0.0,-1,-1.0,-0.32381452170687164
0,1,0.0,-1,-1.0,-0.2600990500091184
1,1,-1.0,0.909090909090909,-0.09090909090909105,-0.10108288221060124
1,1,-1.0,1.25,0.25,-0.33265909335675103
0,1,0.0,-1,-1.0,-0.3300659896973464
0,1,0.0,-1,-1.0,-0.14828294115385676
1,1,-1.0,0.3999999999999999,-0.6000000000000001,-0.3707492759181336
0,1,0.0,0.6896551724137931,0.6896551724137931,-0.4225162062641664
1,1,-1.0,1.0500000000000003,0.050000000000000266,-0.10432605202962908
1,1,0.5208333333333335,-1,-0.4791666666666665,-0.26722906723048034
0,1,0.0,-1,-1.0,-0.09043718156562464
1,1,1.7000000000000006,-1,0.7000000000000006,-0.4237071400198068
1,1,-1.0,0.5714285714285714,-0.4285714285714286,-0.3230221279816914
1,1,-1.0,0.4166666666666665,-0.5833333333333335,-0.5241293208741256
0,1,0.0,-1,-1.0,-0.5013269278098373
1,1,0.9523809523809523,-1,-0.04761904761904767,-0.0870832809909054
1,1,0.7999999999999998,-1,-0.20000000000000018,-0.006223213094119384
1,1,-1.0,1.4,0.3999999999999999,-0.20212184078987716
0,1,0.0,0.6060606060606062,0.6060606060606062,-0.2249362878305547
1,1,1.7500000000000004,-1,0.7500000000000004,-0.17579378903022236
1,1,-1.0,0.909090909090909,-0.09090909090909105,-0.22829253187934728
0,1,0.0,0.5714285714285714,0.5714285714285714,-0.13468450948268773
1,1,-1.0,1.1500000000000004,0.15000000000000036,-0.12683195783983264
1,1,1.0500000000000003,-1,0.050000000000000266,-0.5228506024466443
1,1,0.6993006993006994,-1,-0.3006993006993006,-0.15004037605082593
0,1,0.0,-1,-1.0,-0.31811089343259663
0,1,0.0,-1,-1.0,-0.3552269159101786
1,1,-1.0,0.5,-0.5,-0.4769435643732266
0,1,0.0,-1,-1.0,-0.16825221184772976
0,1,0.0,-1,-1.0,-0.48698224826146447
1,1,-1.0,1.7000000000000006,0.7000000000000006,-0.18813163240432557
0,1,0.0,-1,-1.0,-0.37319373155788776
1,1,0.7407407407407405,-1,-0.2592592592592595,-0.0728491001340395
0,1,0.0,-1,-1.0,-0.5302691049173719
1,1,1.1000000000000005,-1,0.10000000000000053,-0.00026846877932529267
0,1,0.0,0.5,0.5,-0.19929699559444075
1,1,-1.0,1.4500000000000002,0.4500000000000002,-0.09640965874104468
0,1,0.0,1.1000000000000005,1.1000000000000005,-0.2336406114192079
1,1,-1.0,1.4500000000000002,0.4500000000000002,-0.23113397994891988
1,1,0.3999999999999999,-1,-0.6000000000000001,-0.08974492820096913
0,1,0.0,-1,-1.0,-0.17314033003200457
0,1,0.0,0.4444444444444444,0.4444444444444444,-0.24407721100003074
1,1,-1.0,1.4500000000000002,0.4500000000000002,-0.28118943091158094
1,1,0.7874015748031495,-1,-0.21259842519685046,-0.16963188860273304
1,1,-1.0,0.7692307692307694,-0.23076923076923062,-0.17439235157815658
0,1,0.0,-1,-1.0,-0.3084810440018738
1,1,0.7936507936507937,-1,-0.20634920634920628,-0.008592699511327628
1,1,0.7518796992481203,-1,-0.24812030075187974,-0.04078574064550855
1,1,1.7000000000000006,-1,0.7000000000000006,-0.006969421971481871
0,1,0.0,-1,-1.0,-0.18999746440978998
1,1,-1.0,1.0500000000000003,0.050000000000000266,-0.45629881483670964
0,1,0.0,-1,-1.0,-0.3991008100313571
1,1,-1.0,0.8130081300813008,-0.1869918699186992,-0.17482242487353167
1,1,-1.0,0.8333333333333335,-0.16666666666666652,-0.5373547796099538
0,1,0.0,1.5,1.5,-0.23890779414808017
1,1,0.5263157894736843,-1,-0.4736842105263157,-0.08150888874815615
1,1,-1.0,1.33,0.33000000000000007,-0.27980509029857004
0,1,0.0,0.5,0.5,-0.14226218377839545
0,1,0.0,-1,-1.0,-0.25297910499874965
0,1,0.0,-1,-1.0,-0.4144478854450199
0,1,0.0,0.4761904761904763,0.4761904761904763,-0.2937678133926004
1,1,0.9259259259259258,-1,-0.07407407407407418,-0.04682520720706845
1,1,0.625,-1,-0.375,-0.23631001810547447
1,1,0.625,-1,-0.375,-0.3061829699013504
0,1,0.0,-1,-1.0,-0.12695099903764429
1,1,-1.0,1.1500000000000004,0.15000000000000036,-0.10392671207967846
1,1,-1.0,1.0500000000000003,0.050000000000000266,-0.1706616392020205
0,1,0.0,-1,-1.0,-0.13242936824953688
1,1,-1.0,1.56,0.56,-0.468958232678672
0,1,0.0,0.5649717514124295,0.5649717514124295,-0.3767475563205544
1,1,-1.0,1.3000000000000003,0.30000000000000027,-0.2720335030423752
0,1,0.0,-1,-1.0,-0.3793960819143751
1,1,0.8695652173913044,-1,-0.13043478260869557,-0.2548501626824266
0,1,0.0,-1,-1.0,-0.15314847105466478
0,1,0.0,1.0500000000000003,1.0500000000000003,-0.4811373910265941
1,1,-1.0,1.0,0.0,-0.14806048757266937
0,1,0.0,-1,-1.0,-0.1291480545763269
0,1,0.0,2.4000000000000004,2.4000000000000004,-0.261493751916166
0,1,0.0,0.9523809523809523,0.9523809523809523,-0.4890315373775085
1,1,0.5714285714285714,-1,-0.4285714285714286,-0.2116277536053522
1,1,0.6896551724137931,-1,-0.31034482758620685,-0.2108913135890369
0,1,0.0,-1,-1.0,-0.4333145132583396
0,1,0.0,-1,-1.0,-0.48914865570454424
1,1,-1.0,0.9523809523809523,-0.04761904761904767,-0.16035608513827987
1,1,0.33333333333333326,-1,-0.6666666666666667,-0.21477074381391775
1,1,-1.0,1.25,0.25,-0.13573922521485576
0,1,0.0,1.3800000000000003,1.3800000000000003,-0.32761827439809255
0,1,0.0,1.0500000000000003,1.0500000000000003,-0.18918698899206504
1,1,0.3846153846153846,-1,-0.6153846153846154,-0.5510969750634545
0,1,0.0,-1,-1.0,-0.42684749677064693
1,1,-1.0,1.1600000000000001,0.16000000000000014,-0.2262012574565761
1,1,-1.0,0.8695652173913044,-0.13043478260869557,-0.3831928846183149
1,1,-1.0,0.7999999999999998,-0.20000000000000018,-0.0992728840729416
1,1,0.7999999999999998,-1,-0.20000000000000018,-0.32419446142028835
0,1,0.0,-1,-1.0,-0.39589113936965975
0,1,0.0,1.0500000000000003,1.0500000000000003,-0.1635078960536419
1,1,-1.0,0.7692307692307694,-0.23076923076923062,-0.05567814274852456
1,1,0.3999999999999999,-1,-0.6000000000000001,-0.03696613342955496
1,1,0.5,-1,-0.5,-0.09598286224004382
1,1,-1.0,1.1500000000000004,0.15000000000000036,-0.12008486706258842
1,1,0.5,-1,-0.5,-0.2806808730162734
1,1,-1.0,1.0200000000000005,0.020000000000000462,-0.4364247814399164
1,1,-1.0,0.8849557522123894,-0.11504424778761058,-0.2700933993354772
0,1,0.0,0.909090909090909,0.909090909090909,-0.31734672529359415
0,1,0.0,-1,-1.0,-0.12608066630676318
1,1,-1.0,0.8695652173913044,-0.13043478260869557,-0.38676076787766117
0,1,0.0,-1,-1.0,-0.11766024225901228
1,1,0.7936507936507937,-1,-0.20634920634920628,-0.056343816619518206
1,1,0.7692307692307694,-1,-0.23076923076923062,-0.10364224700442914
0,1,0.0,-1,-1.0,-0.08181926364689956
0,1,0.0,0.78125,0.78125,-0.17861573664497044
1,1,0.625,-1,-0.375,-0.09573083679019939
1,1,-1.0,0.7142857142857142,-0.2857142857142858,-0.3506241663356768
0,1,0.0,-1,-1.0,-0.19956857337566575
1,1,-1.0,0.6451612903225807,-0.35483870967741926,-0.013255509919594566
1,1,-1.0,0.6060606060606062,-0.3939393939393938,-0.16489379847450797
1,1,-1.0,0.9523809523809523,-0.04761904761904767,-0.059616959777198275
1,1,0.33333333333333326,-1,-0.6666666666666667,-0.11352397954960886
0,1,0.0,-1,-1.0,-0.11809576504073205
1,1,-1.0,0.7692307692307694,-0.23076923076923062,-0.4805032737352417
1,1,0.909090909090909,-1,-0.09090909090909105,-0.18055163701703936
0,1,0.0,0.625,0.625,-0.2618763925240124
0,1,0.0,-1,-1.0,-0.17486556688198163
0,1,0.0,-1,-1.0,-0.5328672571065988
0,1,0.0,1.3000000000000003,1.3000000000000003,-0.14893186032452654
0,1,0.0,0.7407407407407405,0.7407407407407405,-0.256483860260369
1,1,-1.0,0.909090909090909,-0.09090909090909105,-0.30071591226927874
1,1,-1.0,0.6944444444444444,-0.3055555555555556,-0.45611211507264465
1,1,0.5714285714285714,-1,-0.4285714285714286,-0.0844371741918204
0,1,0.0,-1,-1.0,-0.2851743014204653
0,1,0.0,0.7999999999999998,0.7999999999999998,-0.09889726587248787
1,1,0.588235294117647,-1,-0.41176470588235303,-0.015239434538346586
1,1,0.8695652173913044,-1,-0.13043478260869557,-0.549237148302979
0,1,0.0,-1,-1.0,-0.5968004924128305
1,1,0.5,-1,-0.5,-0.5723969795282581
0,1,0.0,-1,-1.0,-0.33032187609431624
0,1,0.0,-1,-1.0,-0.31961641226497084
1,1,0.7999999999999998,-1,-0.20000000000000018,-0.15650124599708287
0,1,0.0,1.4,1.4,-0.3328795930231448
1,1,-1.0,0.628930817610063,-0.371069182389937,-0.015514771220077828
0,1,0.0,0.5494505494505493,0.5494505494505493,-0.26709708252275527
0,1,0.0,0.6451612903225807,0.6451612903225807,-0.15930462165956988
0,1,0.0,-1,-1.0,-0.232582850198699
0,1,0.0,-1,-1.0,-0.13448001029283568
1,1,-1.0,1.9,0.8999999999999999,-0.08050015356029194
1,1,-1.0,0.40816326530612246,-0.5918367346938775,-0.5488087837822262
0,1,0.0,0.9523809523809523,0.9523809523809523,-0.3311362014939197
1,1,1.0500000000000003,-1,0.050000000000000266,-0.050448883249166465
1,1,-1.0,1.0,0.0,-0.2544377347758925
0,1,0.0,-1,-1.0,-0.17064453498733534
1,1,-1.0,0.9433962264150944,-0.05660377358490565,-0.13053815835292504
0,1,0.0,0.6172839506172838,0.6172839506172838,-0.22404888149625574
0,1,0.0,-1,-1.0,-0.3405196158579728
0,1,0.0,-1,-1.0,-0.5640741127952971
1,1,-1.0,0.7999999999999998,-0.20000000000000018,-0.37327409954804847
1,1,1.0,-1,0.0,-0.24090522138270787
0,1,0.0,-1,-1.0,-0.5666342053326617
1,1,0.5405405405405406,-1,-0.45945945945945943,-0.10683162745322672
1,1,-1.0,0.6060606060606062,-0.3939393939393938,-0.3127871228170279
0,1,0.0,-1,-1.0,-0.20157269856753246
0,1,0.0,-1,-1.0,-0.1540881744743145
1,1,-1.0,0.625,-0.375,-0.14282776645205902
1,1,-1.0,1.0,0.0,-0.2559793056408524
1,1,1.1000000000000005,-1,0.10000000000000053,-0.04689033410067861
0,1,0.0,-1,-1.0,-0.33138907715251453
0,1,0.0,0.6097560975609757,0.6097560975609757,-0.3000364819266847
1,1,0.7999999999999998,-1,-0.20000000000000018,-0.17586946660477115
0,1,0.0,-1,-1.0,-0.20136203059469554
1,1,-1.0,0.7407407407407405,-0.2592592592592595,-0.38075500574720567
1,1,1.9,-1,0.8999999999999999,-0.09624580066135335
1,1,-1.0,0.5714285714285714,-0.4285714285714286,-0.47458678716376085
0,1,0.0,1.7500000000000004,1.7500000000000004,-0.1830095339384019
1,1,-1.0,0.6329113924050633,-0.36708860759493667,-0.5165598085733256
1,1,-1.0,0.9523809523809523,-0.04761904761904767,-0.40621905109163836
0,1,0.0,-1,-1.0,-0.7285695270505934
0,1,0.0,0.5555555555555554,0.5555555555555554,-0.12314911845328208
0,1,0.0,1.2599999999999998,1.2599999999999998,-0.2474672367753324
0,1,0.0,-1,-1.0,-0.3047834096839457
1,1,-1.0,1.0,0.0,-0.16116984036220078
0,1,0.0,-1,-1.0,-0.3097805347463341
0,1,0.0,0.7407407407407405,0.7407407407407405,-0.2669220167314314
1,1,-1.0,0.6666666666666667,-0.33333333333333326,-0.4160996708178812
1,1,-1.0,0.8333333333333335,-0.16666666666666652,-0.33693261640169037
0,1,0.0,-1,-1.0,-0.11791884121606577
1,1,-1.0,1.1500000000000004,0.15000000000000036,-0.05673315053597522
1,1,-1.0,0.6666666666666667,-0.33333333333333326,-0.05850819689576214
0,1,0.0,-1,-1.0,-0.14772315719326579
0,1,0.0,-1,-1.0,-0.13326039012654628
0,1,0.0,0.7692307692307694,0.7692307692307694,-0.423521593536849
0,1,0.0,1.1000000000000005,1.1000000000000005,-0.28322983673263374
0,1,0.0,-1,-1.0,-0.26171792183672554
1,1,-1.0,0.7142857142857142,-0.2857142857142858,-0.48096660878618874
1,1,0.3999999999999999,-1,-0.6000000000000001,-0.08932492865793312
0,1,0.0,0.8695652173913044,0.8695652173913044,-0.13659920054918218
1,1,0.7999999999999998,-1,-0.20000000000000018,-0.029871218325771554
1,1,0.4347826086956521,-1,-0.5652173913043479,-0.1117071256431943
1,1,0.4761904761904763,-1,-0.5238095238095237,-0.10905611132885706
1,1,1.0300000000000002,-1,0.03000000000000025,-0.32440794793953254
0,1,0.0,-1,-1.0,-0.22586940353562673
1,1,-1.0,0.9523809523809523,-0.04761904761904767,-0.12726800149994322
1,1,0.7407407407407405,-1,-0.2592592592592595,-0.15341772278341081
0,1,0.0,0.909090909090909,0.909090909090909,-0.18405161069939835
1,1,-1.0,0.6451612903225807,-0.35483870967741926,-0.5456556918601554
1,1,-1.0,1.3000000000000003,0.30000000000000027,-0.3749697066759436
0,1,0.0,1.7000000000000006,1.7000000000000006,-0.4635498498921152
0,1,0.0,0.6896551724137931,0.6896551724137931,-0.17077725555556622
1,1,-1.0,0.7407407407407405,-0.2592592592592595,-0.44739525847322636
0,1,0.0,0.8333333333333335,0.8333333333333335,-0.14594747427054733
1,1,0.625,-1,-0.375,-0.11199998963388202
1,1,0.625,-1,-0.375,-0.18785223783805832
1,1,0.5494505494505493,-1,-0.4505494505494507,-0.4608893843772003
0,1,0.0,1.0,1.0,-0.16709515675830344
0,1,0.0,-1,-1.0,-0.4014684429875035
1,1,0.3999999999999999,-1,-0.6000000000000001,-0.07063496245586592
1,1,0.7999999999999998,-1,-0.20000000000000018,-0.027267971854177342
0,1,0.0,-1,-1.0,-0.33528708763503645
1,1,0.4444444444444444,-1,-0.5555555555555556,-0.04603038221693484
0,1,0.0,-1,-1.0,-0.46675643252600474
1,1,-1.0,1.0700000000000003,0.07000000000000028,-0.3190393127961488
1,1,-1.0,1.0200000000000005,0.020000000000000462,-0.17876296626324084
1,1,0.909090909090909,-1,-0.09090909090909105,-0.21028408591878178
0,1,0.0,-1,-1.0,-0.048006824169993356
1,1,0.625,-1,-0.375,-0.2189130609064644
0,1,0.0,-1,-1.0,-0.15867845703345596
1,1,-1.0,0.5714285714285714,-0.4285714285714286,-0.495103411801634
1,1,-1.0,1.25,0.25,-0.38027458439037376
1,1,0.3846153846153846,-1,-0.6153846153846154,-0.14020101853334785
1,1,-1.0,1.4,0.3999999999999999,-0.13689201706773857
1,1,-1.0,0.909090909090909,-0.09090909090909105,-0.16224634628380386
0,1,0.0,-1,-1.0,-0.22772429214893763
0,1,0.0,-1,-1.0,-0.4078365037513001
0,1,0.0,-1,-1.0,-0.18681490207604995
1,1,0.9803921568627452,-1,-0.019607843137254832,-0.2074876663886161
0,1,0.0,-1,-1.0,-0.17940690266752346
1,1,0.5,-1,-0.5,-0.018465412351794996
1,1,0.3571428571428572,-1,-0.6428571428571428,-0.0442196513416756
1,1,0.5,-1,-0.5,-0.1373399926947551
1,1,-1.0,1.0200000000000005,0.020000000000000462,-0.1581569719855916
1,1,-1.0,1.5500000000000003,0.5500000000000003,-0.028969540810688643
1,1,-1.0,1.0,0.0,-0.0976384857415522
1,1,-1.0,0.6666666666666667,-0.33333333333333326,-0.47327207870013405
0,1,0.0,-1,-1.0,-0.5701465805942163
1,1,-1.0,1.1000000000000005,0.10000000000000053,-0.11387830023573936
1,1,-1.0,1.25,0.25,-0.20344574639446034
1,1,0.9259259259259258,-1,-0.07407407407407418,-0.07859326062391614
0,1,0.0,-1,-1.0,-0.34813038076147534
0,1,0.0,-1,-1.0,-0.0642318214272215
0,1,0.0,-1,-1.0,-0.20527409102169447
1,1,-1.0,1.44,0.43999999999999995,-0.15639073093133876
1,1,-1.0,0.8695652173913044,-0.13043478260869557,-0.29443594330681316
0,1,0.0,-1,-1.0,-0.19533940446137454
1,1,0.6666666666666667,-1,-0.33333333333333326,-0.03802264290563834
0,1,0.0,-1,-1.0,-0.12644986583460105
1,1,-1.0,1.3200000000000003,0.3200000000000003,-0.01835441180735714
1,1,0.5813953488372094,-1,-0.41860465116279055,-0.247447277582594
0,1,0.0,-1,-1.0,-0.28229525708250236
1,1,-1.0,1.25,0.25,-0.01943926885517272
1,1,0.5263157894736843,-1,-0.4736842105263157,-0.02741695039390213
0,1,0.0,-1,-1.0,-0.3853457292922054
1,1,-1.0,1.0300000000000002,0.03000000000000025,-0.17905688642368972
0,1,0.0,-1,-1.0,-0.18226719116035356
0,1,0.0,-1,-1.0,-0.17368564633555472
0,1,0.0,-1,-1.0,-0.3156965785310814
0,1,0.0,-1,-1.0,-0.1456196569014837
1,1,1.5500000000000003,-1,0.5500000000000003,-0.031554738925924086
1,1,-1.0,1.9500000000000002,0.9500000000000002,-0.08371211770002823
0,1,0.0,-1,-1.0,-0.2803136262829029
1,1,-1.0,1.44,0.43999999999999995,-0.04597702841371992
1,1,-1.0,1.1000000000000005,0.10000000000000053,-0.5066110775223714
0,1,0.0,-1,-1.0,-0.1527181811379102
1,1,-1.0,1.0500000000000003,0.050000000000000266,-0.46435478984957723
0,1,0.0,-1,-1.0,-0.13733201803820227
1,1,0.8333333333333335,-1,-0.16666666666666652,-0.12312721270573934
0,1,0.0,-1,-1.0,-0.6251715441421186
0,1,0.0,-1,-1.0,-0.19635268400239475
1,1,0.5,-1,-0.5,-0.16104859588230136
1,1,0.6666666666666667,-1,-0.33333333333333326,-0.027561173172092224
1,1,-1.0,0.8695652173913044,-0.13043478260869557,-0.3261576576060718
0,1,0.0,-1,-1.0,-0.25062910228475405
0,1,0.0,-1,-1.0,-0.39004158553943885
0,1,0.0,-1,-1.0,-0.2945612377757935
1,1,0.5714285714285714,-1,-0.4285714285714286,-0.15434182466488755
0,1,0.0,-1,-1.0,-0.09656515456993997
1,1,0.5319148936170213,-1,-0.46808510638297873,-0.20458777780970017
0,1,0.0,-1,-1.0,-0.504535625805164
0,1,0.0,0.6369426751592355,0.6369426751592355,-0.08714613855067055
1,1,-1.0,1.0,0.0,-0.27955092096082174
0,1,0.0,-1,-1.0,-0.175622462041779
1,1,-1.0,0.9523809523809523,-0.04761904761904767,-0.14044088728000936
1,1,-1.0,1.2000000000000002,0.20000000000000018,-0.4950589689815106
1,1,-1.0,0.6060606060606062,-0.3939393939393938,-0.0058617014311078686
0,1,0.0,-1,-1.0,-0.20264110662554874
1,1,1.1800000000000002,-1,0.18000000000000016,-0.4823055333868247
1,1,-1.0,0.7999999999999998,-0.20000000000000018,-0.16255655621741283
1,1,-1.0,1.1500000000000004,0.15000000000000036,-0.5187210218838597
0,1,0.0,-1,-1.0,-0.16370283990698903
0,1,0.0,1.1000000000000005,1.1000000000000005,-0.5397777004785514
1,1,0.7142857142857142,-1,-0.2857142857142858,-0.4427727636294476
1,1,-1.0,0.7575757575757576,-0.24242424242424243,-0.03880812332382799
1,1,0.6060606060606062,-1,-0.3939393939393938,-0.13847953948084035
0,1,0.0,-1,-1.0,-0.16667845047132368
0,1,0.0,-1,-1.0,-0.0772209208753174
1,1,-1.0,0.7999999999999998,-0.20000000000000018,-0.5067861503767954
0,1,0.0,-1,-1.0,-0.3261784815323594
0,1,0.0,0.5025125628140703,0.5025125628140703,-0.1198296378588718
1,1,-1.0,0.6896551724137931,-0.31034482758620685,-0.29423650706320775
0,1,0.0,-1,-1.0,-0.15492836423194356
0,1,0.0,-1,-1.0,-0.2185729183815105
0,1,0.0,-1,-1.0,-0.17259837962704527
1,1,1.3000000000000003,-1,0.30000000000000027,-0.3708821130058543
1,1,-1.0,1.6,0.6000000000000001,-0.28819487891703294
0,1,0.0,-1,-1.0,-0.49694451871189615
0,1,0.0,-1,-1.0,-0.16145076148220133
1,1,0.6493506493506493,-1,-0.35064935064935066,-0.10773064594395271
1,1,-1.0,1.2700000000000005,0.27000000000000046,-0.4163131447081881
0,1,0.0,1.25,1.25,-0.19102171099784987
0,1,0.0,1.46,1.46,-0.28261284780134094
1,1,1.0300000000000002,-1,0.03000000000000025,-0.17529243188464316
0,1,0.0,0.8620689655172411,0.8620689655172411,-0.27519628220185954
0,1,0.0,-1,-1.0,-0.09105459029298008
0,1,0.0,0.5263157894736843,0.5263157894736843,-0.23947338220368242
1,1,1.5,-1,0.5,-0.03926322270105864
1,1,-1.0,1.2100000000000004,0.2100000000000004,-0.0014683196066916926
0,1,0.0,-1,-1.0,-0.2922468585620258
0,1,0.0,1.2200000000000002,1.2200000000000002,-0.42612988124660867
0,1,0.0,0.5263157894736843,0.5263157894736843,-0.30239323873865154
1,1,-1.0,0.4444444444444444,-0.5555555555555556,-0.760470385600904
0,1,0.0,0.6666666666666667,0.6666666666666667,-0.2912575606031605
1,1,-1.0,1.5,0.5,-0.08643415502579155
0,1,0.0,-1,-1.0,-0.44528266792525745
1,1,0.909090909090909,-1,-0.09090909090909105,-0.03292217397222508
1,1,-1.0,1.31,0.31000000000000005,-0.4312853873038001
0,1,0.0,0.78125,0.78125,-0.217158209700821
0,1,0.0,1.2000000000000002,1.2000000000000002,-0.5028168919438414
1,1,0.5263157894736843,-1,-0.4736842105263157,-0.10257586284716519
1,1,-1.0,0.909090909090909,-0.09090909090909105,-0.0857377704348164
0,1,0.0,-1,-1.0,-0.29631553467079763
0,1,0.0,-1,-1.0,-0.5731988181583434
0,1,0.0,-1,-1.0,-0.15204741190468635
0,1,0.0,-1,-1.0,-0.15807827381564277
0,1,0.0,-1,-1.0,-0.05385953246702879
1,1,-1.0,0.7999999999999998,-0.20000000000000018,-0.18438612542317784
1,1,1.23,-1,0.22999999999999998,-0.13474078298304015
1,1,0.6172839506172838,-1,-0.3827160493827162,-0.22050640344069988
0,1,0.0,1.5,1.5,-0.6447884861156044
1,1,-1.0,1.4299999999999997,0.4299999999999997,-0.03159088443816743
0,1,0.0,-1,-1.0,-0.6517470625997577
1,1,1.0500000000000003,-1,0.050000000000000266,-0.10135752670677234
1,1,0.9259259259259258,-1,-0.07407407407407418,-0.11570577986101
1,1,0.6666666666666667,-1,-0.33333333333333326,-0.2962903856582886
0,1,0.0,-1,-1.0,-0.4855557025240007
1,1,-1.0,0.5555555555555554,-0.44444444444444464,-0.27049170773977554
0,1,0.0,0.8333333333333335,0.8333333333333335,-0.2530814477913544
1,1,1.23,-1,0.22999999999999998,-0.3212257720052038
0,1,0.0,-1,-1.0,-0.43860726425123175
1,1,-1.0,0.5714285714285714,-0.4285714285714286,-0.7254691032751898
0,1,0.0,-1,-1.0,-0.07545215772851177
0,1,0.0,-1,-1.0,-0.17959935714616687
1,1,0.9523809523809523,-1,-0.04761904761904767,-0.24833011053353787
0,1,0.0,-1,-1.0,-0.5466053090486427
0,1,0.0,-1,-1.0,-0.4937548606962589
1,1,-1.0,1.4,0.3999999999999999,-0.043409725837559476
1,1,-1.0,1.0500000000000003,0.050000000000000266,-0.12722038300070448
1,1,-1.0,1.4,0.3999999999999999,-0.40951399578558095
0,1,0.0,-1,-1.0,-0.19958771102071043
1,1,0.5319148936170213,-1,-0.46808510638297873,-0.02383070653556746
1,1,1.3600000000000003,-1,0.3600000000000003,-0.35700953024006005
0,1,0.0,-1,-1.0,-0.28437538158648956
0,1,0.0,-1,-1.0,-0.43624916316046886
0,1,0.0,-1,-1.0,-0.4574252285799644
0,1,0.0,0.7407407407407405,0.7407407407407405,-0.2658216173533517
0,1,0.0,0.5464480874316939,0.5464480874316939,-0.15750968208720206
1,1,-1.0,1.1500000000000004,0.15000000000000036,-0.30127807893880504
1,1,-1.0,0.9615384615384617,-0.038461538461538325,-0.6203251661269272
1,1,-1.0,0.9523809523809523,-0.04761904761904767,-0.07848334375674915
1,1,-1.0,0.5405405405405406,-0.45945945945945943,-0.281251176641962
1,1,0.8695652173913044,-1,-0.13043478260869557,-0.3874076724521309
0,1,0.0,-1,-1.0,-0.4614052109386398
0,1,0.0,-1,-1.0,-0.13988446362781526
0,1,0.0,-1,-1.0,-0.09025982521450099
1,1,-1.0,0.8695652173913044,-0.13043478260869557,-0.4947052120879071
1,1,0.3999999999999999,-1,-0.6000000000000001,-0.08030362350876602
1,1,0.5555555555555554,-1,-0.44444444444444464,-0.2066518116146548
1,1,0.7142857142857142,-1,-0.2857142857142858,-0.09190412980174234
0,1,0.0,-1,-1.0,-0.19358976419659313
1,1,1.0200000000000005,-1,0.020000000000000462,-0.07123133992905106
0,1,0.0,1.35,1.35,-0.2717549830255951
1,1,1.0,-1,0.0,-0.1402208582594915
1,1,1.0500000000000003,-1,0.050000000000000266,-0.03281513290583449
0,1,0.0,1.1500000000000004,1.1500000000000004,-0.1355276053161789
1,1,-1.0,1.1000000000000005,0.10000000000000053,-0.03979343552767034
0,1,0.0,-1,-1.0,-0.6612252655580859
0,1,0.0,-1,-1.0,-0.50543453157551
0,1,0.0,0.4444444444444444,0.4444444444444444,-0.18568746708931344
1,1,-1.0,1.6,0.6000000000000001,-0.15561829762094853
1,1,0.909090909090909,-1,-0.09090909090909105,-0.23312375374078853
1,1,0.8695652173913044,-1,-0.13043478260869557,-0.11558388308837042
0,1,0.0,-1,-1.0,-0.09233967668788678
1,1,1.1500000000000004,-1,0.15000000000000036,-0.11985220902496713
1,1,0.7999999999999998,-1,-0.20000000000000018,-0.3915907762679953
1,1,-1.0,0.9803921568627452,-0.019607843137254832,-0.2278908644315416
1,1,-1.0,1.1500000000000004,0.15000000000000036,-0.2857082529711271
1,1,-1.0,0.6060606060606062,-0.3939393939393938,-0.01682018331126356
1,1,1.1000000000000005,-1,0.10000000000000053,-0.15319019058546962
0,1,0.0,-1,-1.0,-0.3664065136528275
1,1,0.47393364928909953,-1,-0.5260663507109005,-0.4796344897188465
1,1,1.0,-1,0.0,-0.27944409098771605
1,1,0.7407407407407405,-1,-0.2592592592592595,-0.20392614037237572
0,1,0.0,-1,-1.0,-0.21144798496964096
1,1,0.4545454545454546,-1,-0.5454545454545454,-0.08438887959953201
0,1,0.0,-1,-1.0,-0.5158581735674237
1,1,-1.0,0.5714285714285714,-0.4285714285714286,-0.4002164792659517
1,1,-1.0,0.7999999999999998,-0.20000000000000018,-0.1858989912083095
0,1,0.0,-1,-1.0,-0.3004056133097428
1,1,-1.0,0.8849557522123894,-0.11504424778761058,-0.3857396419907842
0,1,0.0,0.9345794392523366,0.9345794392523366,-0.18497962644780536
1,1,-1.0,2.4000000000000004,1.4000000000000004,-0.08746684092994134
0,1,0.0,-1,-1.0,-0.6690538845663574
0,1,0.0,-1,-1.0,-0.5865227100571682
1,1,-1.0,1.2200000000000002,0.2200000000000002,-0.14699217626949213
1,1,0.909090909090909,-1,-0.09090909090909105,-0.22725165654636037
0,1,0.0,-1,-1.0,-0.350655112523218
0,1,0.0,-1,-1.0,-0.46579109101140675
1,1,0.5714285714285714,-1,-0.4285714285714286,-0.21472915006304177
1,1,0.8333333333333335,-1,-0.16666666666666652,-0.0016628636836535926
1,1,-1.0,0.909090909090909,-0.09090909090909105,-0.012301071142270803
0,1,0.0,-1,-1.0,-0.3161507844883424
0,1,0.0,1.25,1.25,-0.3463564934557647
0,1,0.0,-1,-1.0,-0.4340866785251575
0,1,0.0,-1,-1.0,-0.610106936740777
0,1,0.0,-1,-1.0,-0.3584124704839641
1,1,0.7999999999999998,-1,-0.20000000000000018,-0.07788519107210662
1,1,0.8333333333333335,-1,-0.16666666666666652,-0.11390058195458058
1,1,1.0,-1,0.0,-0.09077816147997564
1,1,-1.0,1.4500000000000002,0.4500000000000002,-0.33580516801380234
1,1,0.7874015748031495,-1,-0.21259842519685046,-0.11140000314410575
1,1,0.7407407407407405,-1,-0.2592592592592595,-0.19586741274744135
0,1,0.0,-1,-1.0,-0.4596017366395037
0,1,0.0,-1,-1.0,-0.5503383706011262
0,1,0.0,2.1,2.1,-0.3017221133131343
1,1,-1.0,0.8333333333333335,-0.16666666666666652,-0.36976708400346553
1,1,-1.0,1.0,0.0,-0.13372348916202537
1,1,0.5208333333333335,-1,-0.4791666666666665,-0.13474830618166145
0,1,0.0,1.1500000000000004,1.1500000000000004,-0.23982429704949437
1,1,-1.0,1.1500000000000004,0.15000000000000036,-0.13185289396448507
0,1,0.0,-1,-1.0,-0.27894667674653884
1,1,-1.0,1.0,0.0,-0.08627603223093494
0,1,0.0,0.5263157894736843,0.5263157894736843,-0.24219279929293108
0,1,0.0,-1,-1.0,-0.2051286098640725
0,1,0.0,-1,-1.0,-0.32408813381811574
1,1,-1.0,0.909090909090909,-0.09090909090909105,-0.12505509045919255
1,1,-1.0,1.7000000000000006,0.7000000000000006,-0.06245592085899626
0,1,0.0,-1,-1.0,-0.06748931206008918
1,1,0.3846153846153846,-1,-0.6153846153846154,-0.08707322151698377
0,1,0.0,0.909090909090909,0.909090909090909,-0.4145466375826672
0,1,0.0,1.0500000000000003,1.0500000000000003,-0.10560451999703108
1,1,0.5405405405405406,-1,-0.45945945945945943,-0.1521176618276205
0,1,0.0,-1,-1.0,-0.19914226665253898
0,1,0.0,1.85,1.85,-0.1748050345464217
1,1,0.5,-1,-0.5,-0.3502090337724492
0,1,0.0,-1,-1.0,-0.1515033037862657
0,1,0.0,-1,-1.0,-0.19045645023620345
0,1,0.0,0.9433962264150944,0.9433962264150944,-0.15308462806418077
1,1,0.5,-1,-0.5,-0.049071586330290407
1,1,-1.0,0.909090909090909,-0.09090909090909105,-0.2688205221032058
1,1,-1.0,1.35,0.3500000000000001,-0.46074022820682303
