home_bet,away_bet,home_net,away_net,net_bets,expected_value,bankroll
1.9657974514277565,0,1.8721880489788159,0,1.8721880489788159,0.09200856238190147,201.8721880489788
19.54320431413798,0,18.973984771007743,0,18.973984771007743,9.184337491382895,220.84617281998655
0.0,18.47125964280587,0.0,8.209448730135943,8.209448730135943,3.433133050991243,229.05562155012248
0.0,25.10976650075602,0.0,30.13171980090723,30.13171980090723,16.51564897963934,259.1873413510297
15.15361508105517,0,13.776013710050153,0,13.776013710050153,4.027133578848476,272.9633550610799
0.0,3.7852868599715537,0.0,1.9922562420902912,1.9922562420902912,0.1381368823883553,274.95561130317014
0.0,0,0.0,0.0,0.0,0.0,274.95561130317014
0.0,22.84426721279823,0.0,-22.84426721279823,-22.84426721279823,12.05217977477795,252.11134409037192
0.0,7.096176886918918,0.0,8.870221108648646,8.870221108648646,1.2483503715423776,260.98156519902057
7.270871612689674,0,5.014394215648051,0,5.014394215648051,0.6984979289550126,265.9959594146686
2.931123898873082,0,-2.931123898873082,0.0,-2.931123898873082,0.16149657553916885,263.06483551579555
7.638206557362806,0,5.092137704908537,0,5.092137704908537,0.7392626143354559,268.15697322070406
0.0,19.90175816591137,0.0,32.83790097375376,32.83790097375376,12.185623144655455,300.9948741944578
0.0,4.017385928028986,0.0,6.186774329164638,6.186774329164638,0.4128751394254584,307.1816485236224
0.0,22.403826194982873,0.0,16.002732996416338,16.002732996416338,5.835674924259977,323.18438152003876
0.0,7.533477816697737,0.0,-7.533477816697737,-7.533477816697737,1.3609506129134354,315.65090370334104
3.179862376443596,0,2.890783978585087,0,2.890783978585087,0.1456085679477077,318.54168768192613
0.0,17.954564521513753,0.0,-17.954564521513753,-17.954564521513753,4.819080495406711,300.5871231604124
6.936791340676146,0,-6.936791340676146,0.0,-6.936791340676146,0.6783204139058756,293.6503318197362
0.0,12.917100051737687,0.0,-12.917100051737687,-12.917100051737687,4.829681335816548,280.7332317679985
0.0,0,0.0,0,0.0,0.0,280.7332317679985
3.042844084975085,0,-3.042844084975085,0.0,-3.042844084975085,0.13742138855390218,277.69038768302346
0.0,20.1092515707013,0.0,19.151668162572665,19.151668162572665,6.934444441760361,296.8420558455961
0.0,15.388542442311612,0.0,23.08281366346742,23.08281366346742,5.9831626070701285,319.92486950906357
0.0,0,0.0,0,0.0,0.0,319.92486950906357
0.0,21.54066194043994,0.0,-21.54066194043994,-21.54066194043994,3.6258522004271123,298.38420756862365
0.0,20.50836620837262,0.0,-20.50836620837262,-20.50836620837262,8.457413104344479,277.875841360251
0.0,7.985692127948284,0.0,-7.985692127948284,-7.985692127948284,1.606469094799408,269.8901492323027
0.0,0,0.0,0,0.0,0.0,269.8901492323027
0.0,3.7357262043492763,0.0,-3.7357262043492763,-3.7357262043492763,0.2714703154086273,266.15442302795344
0.0,15.69322283133956,0.0,-15.69322283133956,-15.69322283133956,4.904180708969546,250.46120019661387
9.501668556362498,0,3.167222852120833,0,3.167222852120833,0.6007697352197736,253.6284230487347
0.0,7.753483154948324,0.0,6.801301013112566,6.801301013112566,1.0395872079914406,260.42972406184725
7.306821938008883,0,4.871214625339255,0,4.871214625339255,0.6833532158703566,265.3009386871865
6.013172743515655,0,5.567752540292272,0,5.567752540292272,0.6309788797506153,270.86869122747873
0.0,6.368383285184118,0.0,-6.368383285184118,-6.368383285184118,1.0480876855223906,264.5003079422946
0.0,20.60721390419937,0.0,-20.60721390419937,-20.60721390419937,12.04130729176904,243.89309403809526
0.0,0,0.0,0.0,0.0,0.0,243.89309403809526
19.84839779115882,0,15.267998300891403,0,15.267998300891403,6.212666761763555,259.16109233898663
0.0,9.100674877423092,0.0,-9.100674877423092,-9.100674877423092,3.0359946531023123,250.06041746156353
11.485836804001762,0,-11.485836804001762,0.0,-11.485836804001762,3.692992033651528,238.57458065756177
28.245757341561095,0,20.92278321597118,0,20.92278321597118,12.3856417561239,259.49736387353295
9.767089445059302,0,5.581193968605316,0,5.581193968605316,1.0503386217087018,265.07855784213825
6.487355389223346,0,4.990273376325652,0,4.990273376325652,0.6106430702117263,270.0688312184639
0.0,34.1689433311617,0.0,35.87739049771979,35.87739049771979,22.69592750217996,305.9462217161837
0.0,7.461461902208877,0.0,6.783147183826251,6.783147183826251,0.8271420056323859,312.72936890000994
0.0,17.859163007393303,0.0,22.32395375924163,22.32395375924163,6.374315443383898,335.0533226592516
0.0,36.758990442920954,0.0,-36.758990442920954,-36.758990442920954,18.331185013916897,298.29433221633064
0.0,6.121220557488232,0.0,6.4272815853626435,6.4272815853626435,0.6594628848086015,304.7216138016933
22.598492372968877,0,11.770048110921294,0,11.770048110921294,4.36439901892272,316.49166191261463
0.0,0,0.0,0,0.0,0.0,316.49166191261463
20.33186207729002,0,18.653084474578,0,18.653084474578,5.991499721687354,335.14474638719264
0.0,3.6551943020356443,0.0,-3.6551943020356443,-3.6551943020356443,0.22922203553995568,331.489552085157
0.0,21.081723974441346,0.0,-21.081723974441346,-21.081723974441346,6.094242336514842,310.4078281107157
0.0,43.85433784046226,0.0,50.87103189493623,50.87103189493623,35.93523128253301,361.2788600056519
19.889628838855106,0,-19.889628838855106,0.0,-19.889628838855106,6.296201992588388,341.3892311667968
0.0,14.53663087547927,0.0,22.531777856992875,22.531777856992875,4.797107052204796,363.9210090237897
30.84656266708434,0,-30.84656266708434,0.0,-30.84656266708434,8.43421622417607,333.0744463567053
14.489076049201142,0,18.401126582485457,0,18.401126582485457,4.00233829645216,351.4755729391908
35.22902291817059,0,-35.22902291817059,0.0,-35.22902291817059,12.610956201740596,316.2465500210202
0.0,31.797243537170345,0.0,34.976967890887394,34.976967890887394,17.58392567672929,351.2235179119076
0.0,10.733916652199532,0.0,-10.733916652199532,-10.733916652199532,1.4911116661465682,340.4896012597081
2.6575513410651004,0,3.5345432836165838,0,3.5345432836165838,0.13793710892602595,344.02414454332467
0.0,0,0.0,0,0.0,0.0,344.02414454332467
43.79602633526726,0,19.041750580550975,0,19.041750580550975,12.120559314266057,363.06589512387563
0.0,0,0.0,0,0.0,0.0,363.06589512387563
0.0,10.754321740999425,0.0,-10.754321740999425,-10.754321740999425,2.2935757700408583,352.3115733828762
41.789103097393316,0,26.118189435870825,0,26.118189435870825,15.48992132975874,378.429762818747
0.0,13.926364328704315,0.0,-13.926364328704315,-13.926364328704315,2.9468502327472104,364.5033984900427
0.0,8.207267087253447,0.0,7.816444845003284,7.816444845003284,0.8799870012388902,372.31984333504596
3.6130069247305214,0,3.793657270967048,0,3.793657270967048,0.1840690233870228,376.113500606013
0.0,10.909633979276483,0.0,12.546079076167958,12.546079076167958,1.819572155420036,388.659579682181
0.0,0,0.0,0.0,0.0,0.0,388.659579682181
0.0,8.990903894788575,0.0,-8.990903894788575,-8.990903894788575,2.7558350062448094,379.66867578739243
0.0,4.671317205010618,0.0,3.925476642866066,3.925476642866066,0.24148879996036454,383.5941524302585
0.0,29.7149317063265,0.0,31.200678291642827,31.200678291642827,12.084725728395869,414.7948307219013
7.423491833330573,0,-7.423491833330573,0.0,-7.423491833330573,0.7307113012230411,407.37133888857073
0.0,13.688166181920282,0.0,15.056982800112314,15.056982800112314,2.5296635169347095,422.42832168868307
5.1517273791698734,0,3.5529154339102575,0,3.5529154339102575,0.21664801786467258,425.9812371225933
13.803130641915956,0,24.155478623352927,0,24.155478623352927,3.9135670553042816,450.1367157459462
30.64629934592177,0,12.258519738368705,0,12.258519738368705,4.17293515834829,462.3952354843149
30.43324357673735,0,25.361036313947796,0,25.361036313947796,8.345875306137701,487.75627179826273
0.0,23.785087220137072,0.0,-23.785087220137072,-23.785087220137072,8.988937001003329,463.97118457812564
27.60099274787403,0,18.400661831916025,0,18.400661831916025,5.47314737056993,482.37184641004166
32.7243491717284,0,-32.7243491717284,0.0,-32.7243491717284,7.400121135337388,449.64749723831324
6.475845608000527,0,-6.475845608000527,0.0,-6.475845608000527,0.358713270662272,443.1716516303127
0.0,39.539217246949015,0.0,41.51617810929647,41.51617810929647,18.52010591706159,484.6878297396091
0.0,6.146890685172213,0.0,3.965735925917558,3.965735925917558,0.25147057267738226,488.6535656655267
18.147271622923004,0,5.4991732190675755,0,5.4991732190675755,1.0211220905756244,494.15273888459427
0.0,9.829934599543412,0.0,11.304424789474927,11.304424789474927,1.1243664926032872,505.4571636740692
18.652401284842675,0,-18.652401284842675,0.0,-18.652401284842675,2.3572318092396136,486.80476238922654
0.0,31.55860872451882,0.0,-31.55860872451882,-31.55860872451882,12.37759459751819,455.2461536647077
0.0,0,0.0,0,0.0,0.0,455.2461536647077
0.0,0,0.0,0.0,0.0,0.0,455.2461536647077
24.982593609853463,0,9.252812448093874,0,9.252812448093874,2.5388380690106063,464.4989661128016
32.81585428671615,0,32.81585428671615,0,32.81585428671615,11.591848110868249,497.31482039951777
46.402809166610076,0,-46.402809166610076,0.0,-46.402809166610076,21.64846702962766,450.9120112329077
20.501621139878466,0,-20.501621139878466,0.0,-20.501621139878466,4.237033741842649,430.4103900930292
0.0,0,0.0,0.0,0.0,0.0,430.4103900930292
0.0,14.0698427819664,0.0,28.1396855639328,28.1396855639328,4.599342405894632,458.550075656962
24.03227402978884,0,14.565014563508388,0,14.565014563508388,3.816708793871774,473.1150902204704
43.92627004981615,0,20.917271452293413,0,20.917271452293413,9.710298123133043,494.0323616727638
0.0,0,0.0,0,0.0,0.0,494.0323616727638
0.0,12.349980636936163,0.0,6.861100353853423,6.861100353853423,0.857580019973387,500.8934620266172
0.0,0,0.0,0.0,0.0,0.0,500.8934620266172
0.0,20.774437640144576,0.0,-20.774437640144576,-20.774437640144576,4.223602344010146,480.11902438647263
19.67885043711323,0,21.646735480824557,0,21.646735480824557,4.4362215236445515,501.76575986729716
0.0,12.097155084720276,0.0,14.516586101664336,14.516586101664336,1.7499140776263022,516.2823459689615
0.0,0,0.0,0,0.0,0.0,516.2823459689615
17.45361267724019,0,20.944335212688234,0,20.944335212688234,3.540255806137136,537.2266811816497
4.891725696421673,0,-4.891725696421673,0.0,-4.891725696421673,0.22270841273556474,532.3349554852281
37.93991773998069,0,-37.93991773998069,0.0,-37.93991773998069,16.900042718456767,494.3950377452474
0.0,22.213870505294423,0.0,25.545951081088596,25.545951081088596,5.739079136371686,519.940988826336
11.988404540370544,0,-11.988404540370544,0.0,-11.988404540370544,1.4512025291120123,507.9525842859655
54.526238363178145,0,40.389806194946765,0,40.389806194946765,21.678245845761758,548.3423904809123
0.0,0,0.0,0.0,0.0,0.0,548.3423904809123
25.410961723386357,0,-25.410961723386357,0.0,-25.410961723386357,2.725879391221264,522.931428757526
0.0,9.0828553461435,0.0,6.264038169754139,6.264038169754139,0.5440039501333902,529.1954669272801
0.0,62.51200116060186,0.0,31.25600058030094,31.25600058030094,18.460807647281293,560.451467507581
0.0,0,0.0,0,0.0,0.0,560.451467507581
49.847937340819506,0,39.8783498726556,0,39.8783498726556,17.73439451008775,600.3298173802366
0.0,0,0.0,0,0.0,0.0,600.3298173802366
0.0,21.947163669347844,0.0,17.557730935478276,17.557730935478276,3.2094224153724307,617.8875483157149
0.0,39.39777839490297,0.0,-39.39777839490297,-39.39777839490297,7.177380630805018,578.4897699208119
37.4581908409975,0,24.166574736127423,0,24.166574736127423,7.8241329018057275,602.6563446569394
0.0,0,0.0,0.0,0.0,0.0,602.6563446569394
0.0,47.62742917530314,0.0,-47.62742917530314,-47.62742917530314,23.52472547123625,555.0289154816362
62.69964307279583,0,40.45138262761022,0,40.45138262761022,22.848244314905166,595.4802981092464
0.0,0,0.0,0,0.0,0.0,595.4802981092464
0.0,5.445302713141855,0.0,-5.445302713141855,-5.445302713141855,0.34606801608162696,590.0349953961046
0.0,0,0.0,0.0,0.0,0.0,590.0349953961046
24.595103071375576,0,-24.595103071375576,0.0,-24.595103071375576,5.6387418525408055,565.439892324729
0.0,42.566073853027724,0.0,-42.566073853027724,-42.566073853027724,14.565253996013547,522.8738184717013
43.01516341744292,0,27.751718333834148,0,27.751718333834148,11.415227317499832,550.6255368055354
0.0,54.78267959808493,0.0,-54.78267959808493,-54.78267959808493,16.221496449539465,495.84285720745044
0.0,60.131886651922265,0.0,-60.131886651922265,-60.131886651922265,24.307726663536013,435.71097055552815
0.0,16.10252895606555,0.0,-16.10252895606555,-16.10252895606555,4.850062010993733,419.6084415994626
0.0,0,0.0,0,0.0,0.0,419.6084415994626
0.0,18.515962585554526,0.0,12.76962936934795,12.76962936934795,2.8174120941534895,432.37807096881056
19.533342599322552,0,27.346679639051573,0,27.346679639051573,6.177141004707025,459.7247506078621
0.0,31.475719943053267,0.0,59.803867891801204,59.803867891801204,20.472791543034866,519.5286184996634
18.297317433427203,0,-18.297317433427203,0.0,-18.297317433427203,2.478517680318909,501.23130106623614
36.44368509279267,0,28.033603917532822,0,28.033603917532822,10.191381015245469,529.2649049837689
12.342083919178842,0,-12.342083919178842,0.0,-12.342083919178842,1.4966051536293854,516.92282106459
0.0,38.30625997374152,0.0,31.921883311451268,31.921883311451268,11.827761429274386,548.8447043760414
18.399269994008936,0,-18.399269994008936,0.0,-18.399269994008936,2.6817844640256645,530.4454343820324
0.0,31.276518140249753,0.0,-31.276518140249753,-31.276518140249753,4.610373299362056,499.16891624178265
0.0,30.5782975122383,0.0,21.088481042922965,21.088481042922965,6.459234804389839,520.2573972847056
19.21929252282258,0,-19.21929252282258,0.0,-19.21929252282258,4.9699791853796285,501.038104761883
57.876728455699435,0,-57.876728455699435,0.0,-57.876728455699435,21.848205193625102,443.16137630618357
17.31994717774584,0,21.649933972182303,0,21.649933972182303,4.230690363015855,464.81131027836585
12.892849798622374,0,10.314279838897898,0,10.314279838897898,1.4304778928919601,475.12559011726376
0.0,23.34803836822212,0.0,21.22548942565647,21.22548942565647,5.21518469855738,496.3510795429202
50.62067423511453,0,46.018794759195025,0,46.018794759195025,23.466277340859207,542.3698743021152
0.0,0,0.0,0,0.0,0.0,542.3698743021152
42.553884088395414,0,38.68534917126855,0,38.68534917126855,15.176099766524631,581.0552234733838
0.0,0,0.0,0.0,0.0,0.0,581.0552234733838
0.0,35.05898077400376,0.0,-35.05898077400376,-35.05898077400376,14.807413448504814,545.99624269938
24.646814975996485,0,-24.646814975996485,0.0,-24.646814975996485,4.635757545522992,521.3494277233835
0.0,0,0.0,0.0,0.0,0.0,521.3494277233835
0.0,21.593232321571513,0.0,-21.593232321571513,-21.593232321571513,5.366086436071649,499.756195401812
42.31587061855078,0,-42.31587061855078,0.0,-42.31587061855078,12.79647472308424,457.44032478326125
12.10519954906447,0,-12.10519954906447,0.0,-12.10519954906447,1.456085170454652,445.33512523419677
0.0,24.36904462919974,0.0,-24.36904462919974,-24.36904462919974,10.001181736354662,420.96608060499705
10.849382753785793,0,-10.849382753785793,0.0,-10.849382753785793,1.3315076412646487,410.11669785121126
0.0,0,0.0,0,0.0,0.0,410.11669785121126
0.0,6.813617207920218,0.0,12.605191834652405,12.605191834652405,1.0471038175685603,422.7218896858637
24.31888304599239,0,15.689601965156381,0,15.689601965156381,4.513056983071699,438.41149165102007
0.0,9.607689609719863,0.0,4.575090290342793,4.575090290342793,0.5013103931254408,442.9865819413629
0.0,34.37193271053256,0.0,29.88863713959354,29.88863713959354,11.595500478472946,472.8752190809564
7.0848350331649295,0,-7.0848350331649295,0.0,-7.0848350331649295,0.5413561879559934,465.79038404779146
0.0,0,0.0,0.0,0.0,0.0,465.79038404779146
0.0,16.76180188928835,0.0,-16.76180188928835,-16.76180188928835,3.166723839819218,449.0285821585031
0.0,0,0.0,0,0.0,0.0,449.0285821585031
0.0,29.55636325552367,0.0,26.869421141385153,26.869421141385153,8.843116042890278,475.8980032998883
0.0,0,0.0,0,0.0,0.0,475.8980032998883
0.0,38.78866221381385,0.0,42.66752843519525,42.66752843519525,17.38835145866512,518.5655317350835
0.0,27.10891174990601,0.0,-27.10891174990601,-27.10891174990601,11.053889624482515,491.4566199851775
0.0,8.55138694139087,0.0,6.108133529564906,6.108133529564906,0.5314102117758472,497.5647535147424
0.0,0,0.0,0.0,0.0,0.0,497.5647535147424
0.0,0,0.0,0.0,0.0,0.0,497.5647535147424
27.322102379410037,0,-27.322102379410037,0.0,-27.322102379410037,4.688443018960026,470.2426511353324
0.0,46.16814280705055,0.0,24.955752868675965,24.955752868675965,12.250704604492695,495.19840400400835
0.0,0,0.0,0,0.0,0.0,495.19840400400835
23.419088545701783,0,-23.419088545701783,0.0,-23.419088545701783,3.3561920249314445,471.77931545830654
52.62087254583783,0,35.08058169722523,0,35.08058169722523,19.563922768956974,506.85989715553177
17.132450451291948,0,10.383303303813303,0,10.383303303813303,1.7548382735706038,517.2432004593451
51.80291227735257,0,33.42123372732424,0,33.42123372732424,16.736007717839055,550.6644341866693
0.0,6.430090165786525,0.0,12.860180331573051,12.860180331573051,0.7508394763357593,563.5246145182423
41.33529166550444,0,28.90579836748563,0,28.90579836748563,10.601396776303568,592.430412885728
78.03921957217248,0,39.01960978608625,0,39.01960978608625,25.699726326374694,631.4500226718142
13.137093337845718,0,-13.137093337845718,0.0,-13.137093337845718,1.0676271822960723,618.3129293339684
0.0,31.32358332472358,0.0,50.117733319557736,50.117733319557736,12.694761189713956,668.4306626535262
24.257045163157013,0,-24.257045163157013,0.0,-24.257045163157013,3.143846971521114,644.1736174903691
63.693776152072985,0,32.16857381417827,0,32.16857381417827,15.903615764598902,676.3421913045474
0.0,36.81412541507659,0.0,-36.81412541507659,-36.81412541507659,20.539334137198498,639.5280658894709
19.060251069136118,0,19.060251069136118,0,19.060251069136118,2.8403223423293227,658.588316958607
0.0,61.95164296225579,0.0,-61.95164296225579,-61.95164296225579,20.8129481915789,596.6366739963512
0.0,37.39374223002419,0.0,38.51555449692492,38.51555449692492,12.0696629915283,635.1522284932761
0.0,0,0.0,0.0,0.0,0.0,635.1522284932761
5.841341475583985,0,-5.841341475583985,0.0,-5.841341475583985,0.24418820548179365,629.3108870176922
0.0,22.500329087621644,0.0,23.625345542002727,23.625345542002727,4.223493192871553,652.9362325596949
0.0,29.21468763463373,0.0,-29.21468763463373,-29.21468763463373,11.110936127817219,623.7215449250612
0.0,0,0.0,0.0,0.0,0.0,623.7215449250612
0.0,64.24482528290585,0.0,58.40438662082349,58.40438662082349,30.07896428093489,682.1259315458847
0.0,0,0.0,0,0.0,0.0,682.1259315458847
16.527254134014267,0,12.811824910088582,0,12.811824910088582,1.5520908707403773,694.9377564559733
51.62383994975755,0,18.772305436275474,0,18.772305436275474,6.972556047842568,713.7100618922487
0.0,24.36005308592338,0.0,34.104074320292725,34.104074320292725,5.8201299466479455,747.8141362125415
12.816381222508653,0,10.25310497800692,0,10.25310497800692,0.8786120490987184,758.0672411905484
55.272885954693734,0,58.03653025242842,0,58.03653025242842,21.15806054889451,816.1037714429768
0.0,0,0.0,0.0,0.0,0.0,816.1037714429768
0.0,24.00661060043227,0.0,-24.00661060043227,-24.00661060043227,6.002542406788736,792.0971608425446
0.0,25.830944422905162,0.0,41.32951107664826,41.32951107664826,6.738947924716529,833.4266719191928
0.0,0,0.0,0,0.0,0.0,833.4266719191928
0.0,0,0.0,0,0.0,0.0,833.4266719191928
0.0,98.94937853510832,0.0,73.29583595193206,73.29583595193206,43.51059103948452,906.7225078711249
68.35535470402209,0,35.23471891959902,0,35.23471891959902,13.281250265312888,941.9572267907239
0.0,65.84800985743533,0.0,-65.84800985743533,-65.84800985743533,26.92836535603875,876.1092169332885
34.23990228242021,0,11.413300760806735,0,11.413300760806735,2.230260195970814,887.5225176940952
11.916995159719644,0,5.958497579859824,0,5.958497579859824,0.40003146626002106,893.481015273955
0.0,0,0.0,0.0,0.0,0.0,893.481015273955
0.0,37.99894238815657,0.0,43.698783746380066,43.698783746380066,9.292349460285237,937.179799020335
63.84826824399969,0,36.48472471085697,0,36.48472471085697,12.428172761418724,973.664523731192
0.0,62.67640598027213,0.0,-62.67640598027213,-62.67640598027213,16.810769053655847,910.98811775092
58.39774511296679,0,33.37014006455246,0,33.37014006455246,10.695753851789293,944.3582578154724
0.0,8.650552031231097,0.0,-8.650552031231097,-8.650552031231097,0.316964668125594,935.7077057842413
0.0,0,0.0,0,0.0,0.0,935.7077057842413
0.0,18.421805107504447,0.0,26.711617405881455,26.711617405881455,2.6294333525069646,962.4193231901228
0.0,0,0.0,0,0.0,0.0,962.4193231901228
0.0,0,0.0,0,0.0,0.0,962.4193231901228
0.0,22.310513069546058,0.0,26.772615683455275,26.772615683455275,3.1031733139550948,989.191938873578
0.0,0,0.0,0,0.0,0.0,989.191938873578
0.0,61.303517020304284,0.0,47.156551554080224,47.156551554080224,14.61224231217615,1036.3484904276581
0.0,0,0.0,0,0.0,0.0,1036.3484904276581
0.0,9.235630533871362,0.0,-9.235630533871362,-9.235630533871362,0.7818994145186586,1027.1128598937867
0.0,13.472135919729071,0.0,-13.472135919729071,-13.472135919729071,2.2530193904834306,1013.6407239740576
63.06159135222045,0,54.83616639323519,0,54.83616639323519,17.057601547691295,1068.4768903672928
0.0,0,0.0,0,0.0,0.0,1068.4768903672928
0.0,25.052500526235306,0.0,17.894643233025214,17.894643233025214,2.097872041285095,1086.371533600318
0.0,34.67871906859852,0.0,-34.67871906859852,-34.67871906859852,8.025751792147837,1051.6928145317195
0.0,0,0.0,0,0.0,0.0,1051.6928145317195
0.0,9.680501157581618,0.0,10.648551273339782,10.648551273339782,0.4900828050918653,1062.3413658050592
0.0,47.347797587852895,0.0,63.4460487677229,63.4460487677229,14.138725891214289,1125.7874145727822
77.78988098949804,0,35.359036813408196,0,35.359036813408196,12.21622852597842,1161.1464513861904
0.0,18.02809096900334,0.0,-18.02809096900334,-18.02809096900334,1.7634089142429321,1143.118360417187
20.57949140349384,0,11.759709373425054,0,11.759709373425054,1.058546718948966,1154.878069790612
0.0,165.51673906727527,0.0,165.51673906727527,165.51673906727527,118.60901868381458,1320.3948088578873
0.0,91.37053229888704,0.0,95.93905891383139,95.93905891383139,33.194627934024744,1416.3338677717186
0.0,61.85319188791929,0.0,-61.85319188791929,-61.85319188791929,22.960297841577443,1354.4806758837992
0.0,56.16051412330311,0.0,-56.16051412330311,-56.16051412330311,12.22499358199601,1298.3201617604961
60.9657405623001,0,74.98786089162913,0,74.98786089162913,17.60617529901789,1373.3080226521254
95.52617863732448,0,128.96034116038805,0,128.96034116038805,44.85187730508913,1502.2683638125134
0.0,126.8947625807713,0.0,133.23950070980985,133.23950070980985,56.272884446702996,1635.5078645223232
0.0,0,0.0,0.0,0.0,0.0,1635.5078645223232
0.0,88.22140099288777,0.0,-88.22140099288777,-88.22140099288777,22.6608381524442,1547.2864635294354
0.0,21.160020853425205,0.0,-21.160020853425205,-21.160020853425205,1.5192203180362025,1526.1264426760101
0.0,15.425874248072514,0.0,28.537867358934154,28.537867358934154,1.4422840102789198,1554.6643100349443
0.0,0,0.0,0,0.0,0.0,1554.6643100349443
0.0,42.85542032875281,0.0,-42.85542032875281,-42.85542032875281,5.906699728357427,1511.8088897061914
81.10247484829388,0,85.15759859070859,0,85.15759859070859,22.841815671510812,1596.9664882969
0.0,165.17961297149103,0.0,-165.17961297149103,-165.17961297149103,63.278084119833146,1431.786875325409
17.54712622396353,0,10.026929270836305,0,10.026929270836305,0.6144203323351878,1441.8138045962453
0.0,149.36871636797594,0.0,110.64349360590808,110.64349360590808,57.31210424570338,1552.4572982021534
0.0,65.8489404555416,0.0,36.78711757292827,36.78711757292827,7.801801432464675,1589.2444157750817
0.0,109.73217181727473,0.0,131.67860618072973,131.67860618072973,45.459903129614155,1720.9230219558115
0.0,45.43782272744743,0.0,63.6129518184264,63.6129518184264,8.397917835425215,1784.5359737742378
0.0,105.75774597953004,0.0,174.50028086622456,174.50028086622456,51.70743725097226,1959.0362546404624
0.0,0,0.0,0,0.0,0.0,1959.0362546404624
78.7734059272813,0,86.65074652000946,0,86.65074652000946,17.421256021561945,2045.687001160472
28.43563274441822,0,39.8098858421855,0,39.8098858421855,2.7668438347690305,2085.4968870026573
0.0,286.1654487361883,0.0,-286.1654487361883,-286.1654487361883,323.95060506978706,1799.331438266469
35.945426776297325,0,28.75634142103786,0,28.75634142103786,2.8723417568360308,1828.0877796875068
0.0,0,0.0,0.0,0.0,0.0,1828.0877796875068
28.109942433150657,0,39.35391940641092,0,39.35391940641092,3.025665455797098,1867.4416990939178
29.28248683464484,0,-29.28248683464484,0.0,-29.28248683464484,2.5254079931944027,1838.1592122592729
0.0,0,0.0,0,0.0,0.0,1838.1592122592729
0.0,57.425886394614615,0.0,-57.425886394614615,-57.425886394614615,7.176162774613967,1780.7333258646584
0.0,85.95230073738556,0.0,146.1189112535555,146.1189112535555,35.26428247583518,1926.852237118214
116.93819059924479,0,116.93819059924479,0,116.93819059924479,35.4841439244891,2043.7904277174587
0.0,96.53843014903183,0.0,77.23074411922545,77.23074411922545,18.239968969906293,2121.021171836684
0.0,0,0.0,0.0,0.0,0.0,2121.021171836684
0.0,0,0.0,0,0.0,0.0,2121.021171836684
76.2082856420488,0,83.82911420625372,0,83.82911420625372,15.059899366817874,2204.8502860429376
0.0,0,0.0,0.0,0.0,0.0,2204.8502860429376
0.0,0,0.0,0,0.0,0.0,2204.8502860429376
0.0,248.8416266443893,0.0,191.4166358802995,191.4166358802995,108.01737274583118,2396.266921923237
0.0,132.79565362898083,0.0,167.32252357251585,167.32252357251585,46.363165308039484,2563.589445495753
229.4287295772953,0,-229.4287295772953,0.0,-229.4287295772953,34.22125049959168,2334.1607159184578
0.0,0,0.0,0.0,0.0,0.0,2334.1607159184578
218.89758021170485,0,145.93172014113657,0,145.93172014113657,68.42737990827888,2480.0924360595945
197.14509296817792,0,93.87861569913238,0,93.87861569913238,37.31253753012249,2573.971051758727
0.0,94.19267178042843,0.0,81.90667111341604,81.90667111341604,14.986586938384626,2655.877722872143
0.0,51.85309953367302,0.0,51.85309953367302,51.85309953367302,5.061874475797239,2707.730822405816
100.83017780055266,0,84.02514816712724,0,84.02514816712724,15.644595392022055,2791.755970572943
0.0,0,0.0,0.0,0.0,0.0,2791.755970572943
0.0,0,0.0,0.0,0.0,0.0,2791.755970572943
55.809955866470276,0,55.809955866470276,0,55.809955866470276,5.578480366208602,2847.5659264394135
235.5165172716704,0,369.76093211652267,0,369.76093211652267,152.91095834978702,3217.3268585559363
0.0,0,0.0,0,0.0,0.0,3217.3268585559363
0.0,263.2272950568677,0.0,219.35607921405648,219.35607921405648,89.7336669916595,3436.682937769993
0.0,212.73262633965933,0.0,-212.73262633965933,-212.73262633965933,40.89524978500067,3223.9503114303334
0.0,123.64051104406553,0.0,159.49625924684455,159.49625924684455,30.58390654002912,3383.446570677178
0.0,0,0.0,0,0.0,0.0,3383.446570677178
0.0,56.046934418804604,0.0,64.45397458162532,64.45397458162532,5.338413967749823,3447.9005452588035
86.29385476375046,0,-86.29385476375046,0.0,-86.29385476375046,22.13751529095807,3361.606690495053
0.0,161.8458297987915,0.0,-161.8458297987915,-161.8458297987915,18.55268784284946,3199.7608606962617
91.73757047721448,0,-91.73757047721448,0.0,-91.73757047721448,11.955128983139979,3108.0232902190473
51.11128918142811,0,-51.11128918142811,0.0,-51.11128918142811,6.387971919021972,3056.912001037619
0.0,142.26299801845354,0.0,227.6207968295257,227.6207968295257,52.965242305513,3284.532797867145
212.74034542170784,0,-212.74034542170784,0.0,-212.74034542170784,72.3411520346419,3071.792452445437
231.95490510515245,0,201.6999174827413,0,201.6999174827413,76.15307014342852,3273.4923699281785
44.989774968572824,0,-44.989774968572824,0.0,-44.989774968572824,2.0610809730477833,3228.5025949596056
0.0,0,0.0,0,0.0,0.0,3228.5025949596056
65.66479847537228,0,-65.66479847537228,0.0,-65.66479847537228,9.015044286294007,3162.8377964842334
166.4735349473629,0,224.73927217893993,0,224.73927217893993,59.14489374496789,3387.577068663173
174.1060430459149,0,217.63255380739363,0,217.63255380739363,55.926613643561026,3605.209622470567
127.04735243950343,0,170.24345226893467,0,170.24345226893467,29.996840885644936,3775.4530747395015
0.0,125.50439371570889,0.0,114.09490337791715,114.09490337791715,18.96383214282949,3889.5479781174186
0.0,220.14914283162665,0.0,275.1864285395333,275.1864285395333,77.87801654936429,4164.734406656952
55.92970402638292,0,67.11564483165952,0,67.11564483165952,4.506599682532581,4231.850051488612
40.63859667398661,0,36.944178794533286,0,36.944178794533286,1.7738808833202455,4268.794230283145
0.0,315.0156586428502,0.0,126.00626345714005,126.00626345714005,46.49315934987407,4394.800493740286
269.2911165911035,0,-269.2911165911035,0.0,-269.2911165911035,99.00477472618871,4125.509377149182
0.0,0,0.0,0.0,0.0,0.0,4125.509377149182
0.0,186.18091688324634,0.0,-186.18091688324634,-186.18091688324634,65.95722989440864,3939.3284602659355
0.0,0,0.0,0,0.0,0.0,3939.3284602659355
0.0,410.90656441208,0.0,-410.90656441208,-410.90656441208,107.15291094661636,3528.4218958538554
0.0,48.58509536022556,0.0,27.7629116344146,27.7629116344146,1.911426338812479,3556.18480748827
0.0,332.70435678003474,0.0,138.62681532501443,138.62681532501443,64.84722802939666,3694.8116228132844
252.29047793437564,0,180.2074842388397,0,180.2074842388397,61.524966584562804,3875.019107052124
0.0,44.70119124100253,0.0,-44.70119124100253,-44.70119124100253,2.2420046514465497,3830.3179158111216
0.0,0,0.0,0,0.0,0.0,3830.3179158111216
0.0,210.02524777083897,0.0,294.03534687917454,294.03534687917454,80.61321271370994,4124.353262690296
178.85415250426774,0,-178.85415250426774,0.0,-178.85415250426774,54.29254984091155,3945.4991101860282
0.0,118.2136617669608,0.0,-118.2136617669608,-118.2136617669608,8.433038832645032,3827.2854484190675
0.0,193.1371469269414,0.0,175.57922447903763,175.57922447903763,44.30146501031672,4002.8646728981053
122.64686922132556,0,-122.64686922132556,0.0,-122.64686922132556,27.24457463660422,3880.2178036767796
0.0,42.528079344206354,0.0,48.90729124583732,48.90729124583732,2.680175788898108,3929.125094922617
0.0,283.9748185483384,0.0,-283.9748185483384,-283.9748185483384,82.09634014836568,3645.1502763742783
0.0,41.90002281416365,0.0,-41.90002281416365,-41.90002281416365,2.889777011180488,3603.2502535601147
102.59280155272333,0,66.18890422756346,0,66.18890422756346,9.422749793330915,3669.439157787678
0.0,0,0.0,0,0.0,0.0,3669.439157787678
0.0,330.47209729249323,0.0,165.23604864624662,165.23604864624662,74.40633458734291,3834.675206433925
0.0,0,0.0,0,0.0,0.0,3834.675206433925
305.9003052072228,0,191.18769075451422,0,191.18769075451422,76.25727057084694,4025.862897188439
0.0,203.80470121909568,0.0,346.4679920724627,346.4679920724627,87.69772767922845,4372.330889260902
403.8609158161441,0,367.1462871055855,0,367.1462871055855,169.56177323306756,4739.477176366488
0.0,183.30521705955266,0.0,-183.30521705955266,-183.30521705955266,40.76496368008799,4556.171959306935
358.0155694068942,0,179.0077847034471,0,179.0077847034471,70.33050392002768,4735.179744010382
0.0,0,0.0,0,0.0,0.0,4735.179744010382
0.0,0,0.0,0.0,0.0,0.0,4735.179744010382
0.0,75.82150496427413,0.0,109.9411821981975,109.9411821981975,8.802100809755991,4845.1209262085795
0.0,0,0.0,0.0,0.0,0.0,4845.1209262085795
0.0,278.2430288191495,0.0,403.4523917877669,403.4523917877669,115.84624737447244,5248.573317996346
0.0,108.00558522493414,0.0,-108.00558522493414,-108.00558522493414,22.2254805887588,5140.567732771412
0.0,0,0.0,0,0.0,0.0,5140.567732771412
104.4401770734019,0,-104.4401770734019,0.0,-104.4401770734019,19.09706483551887,5036.12755569801
0.0,237.24965410631387,0.0,344.0119984541552,344.0119984541552,81.03123554657263,5380.139554152165
0.0,309.65723387649155,0.0,-309.65723387649155,-309.65723387649155,104.26169598993454,5070.482320275673
0.0,174.40677189039056,0.0,134.15905530030048,134.15905530030048,23.0730000390946,5204.641375575974
115.54007197155065,0,173.31010795732593,0,173.31010795732593,19.236928062666607,5377.9514835333
0.0,0,0.0,0,0.0,0.0,5377.9514835333
0.0,0,0.0,0,0.0,0.0,5377.9514835333
0.0,293.1654230257215,0.0,-293.1654230257215,-293.1654230257215,39.952928880544675,5084.786060507578
225.28925230869888,0,150.1928348724659,0,150.1928348724659,33.27262058609013,5234.978895380044
0.0,324.6344897489101,0.0,340.8662142363556,340.8662142363556,105.68994808070624,5575.8451096164
216.39600723734003,0,166.4584671056462,0,166.4584671056462,32.30088618350095,5742.303576722046
0.0,392.01315261962594,0.0,318.7098801785576,318.7098801785576,108.78775671691311,6061.013456900604
0.0,617.0962965689399,0.0,514.2469138074499,514.2469138074499,261.78779199977305,6575.260370708054
166.2778441990483,0,-166.2778441990483,0.0,-166.2778441990483,11.680281638500531,6408.982526509006
0.0,166.15512718933542,0.0,-166.15512718933542,-166.15512718933542,34.46104111173747,6242.827399319671
0.0,470.2866066160534,0.0,625.481186799351,625.481186799351,235.5947121604747,6868.308586119022
118.21720695444512,0,-118.21720695444512,0.0,-118.21720695444512,17.295396192741393,6750.091379164577
239.98261419520196,0,304.77792002790653,0,304.77792002790653,54.178082850135795,7054.869299192484
161.27221948407833,0,201.59027435509796,0,201.59027435509796,23.041469368803334,7256.459573547581
102.8164471095513,0,-102.8164471095513,0.0,-102.8164471095513,12.747013854278471,7153.64312643803
0.0,143.56392714807083,0.0,-143.56392714807083,-143.56392714807083,12.862203324418395,7010.079199289959
0.0,296.7944668180099,0.0,-296.7944668180099,-296.7944668180099,84.81886337507936,6713.28473247195
0.0,461.8528778991807,0.0,-461.8528778991807,-461.8528778991807,214.4746726734142,6251.431854572769
256.4398066147984,0,205.1518452918387,0,205.1518452918387,42.077639776898366,6456.583699864608
0.0,161.04227097956567,0.0,185.19861162650056,185.19861162650056,23.096428688146375,6641.782311491109
0.0,247.72032341987625,0.0,260.10633959087005,260.10633959087005,48.50627703917087,6901.888651081979
0.0,0,0.0,0,0.0,0.0,6901.888651081979
0.0,730.4278458666433,0.0,1139.4674395519637,1139.4674395519637,602.949996285904,8041.356090633943
106.08677313738883,0,-106.08677313738883,0.0,-106.08677313738883,10.146848862549263,7935.269317496553
0.0,400.37838195718496,0.0,520.4918965443405,520.4918965443405,131.30852591276275,8455.761214040895
515.2304024740436,0,312.2608499842688,0,312.2608499842688,95.13412177908248,8768.022064025163
0.0,306.52060353954164,0.0,-306.52060353954164,-306.52060353954164,51.026809591324906,8461.50146048562
296.5373063017577,0,211.81236164411263,0,211.81236164411263,37.1153201690484,8673.313822129734
943.7375722040584,0,-943.7375722040584,0.0,-943.7375722040584,410.7498579918388,7729.576249925675
0.0,81.28990230364684,0.0,81.28990230364684,81.28990230364684,4.274521657380632,7810.866152229322
391.5320465356075,0,313.225637228486,0,313.225637228486,78.5046577302355,8124.091789457809
0.0,0,0.0,0.0,0.0,0.0,8124.091789457809
328.80197367757665,0,-328.80197367757665,0.0,-328.80197367757665,57.85836727088427,7795.289815780232
0.0,82.40810048606632,0.0,-82.40810048606632,-82.40810048606632,6.316049832658287,7712.881715294166
0.0,379.21400030810383,0.0,-379.21400030810383,-379.21400030810383,123.98629995855754,7333.667714986062
312.39787184558423,0,191.65513610158547,0,191.65513610158547,40.82040458695974,7525.322851087647
727.4840394604522,0,454.6775246627825,0,454.6775246627825,219.7717286280638,7980.000375750429
0.0,369.4018052004567,0.0,351.81124304805394,351.81124304805394,81.42838480727923,8331.811618798483
0.0,299.8047526123164,0.0,-299.8047526123164,-299.8047526123164,129.45500037874467,8032.006866186167
0.0,184.70731345548973,0.0,230.88414181936218,230.88414181936218,26.547530564537624,8262.891008005528
497.19618709273584,0,-497.19618709273584,0.0,-497.19618709273584,97.76921500382744,7765.694820912792
291.8499320182824,0,-291.8499320182824,0.0,-291.8499320182824,43.873154834618774,7473.8448888945095
0.0,777.2779612961614,0.0,-777.2779612961614,-777.2779612961614,848.7854511339551,6696.566927598348
395.24724369195957,0,225.85556782397686,0,225.85556782397686,66.65265323266507,6922.4224954223255
0.0,140.87978151137375,0.0,163.4205465531936,163.4205465531936,16.629042006687442,7085.843041975519
0.0,555.3414517964964,0.0,482.9056102578231,482.9056102578231,189.23471850322358,7568.748652233342
0.0,145.91471671254686,0.0,116.7317733700375,116.7317733700375,11.252113410858414,7685.480425603379
0.0,393.9275866867374,0.0,-393.9275866867374,-393.9275866867374,106.00371200456661,7291.552838916642
826.5133956784773,0,246.72041662044103,0,246.72041662044103,139.83148297013975,7538.273255537083
122.88190900330738,0,-122.88190900330738,0.0,-122.88190900330738,8.012425683404743,7415.3913465337755
0.0,669.329038568113,0.0,514.8684912062408,514.8684912062408,232.36564066788895,7930.259837740016
689.20612980884,0,275.68245192353595,0,275.68245192353595,119.79559285196068,8205.942289663551
0.0,202.1860704435656,0.0,-202.1860704435656,-202.1860704435656,44.83493190003644,8003.756219219986
0.0,341.41942215507834,0.0,392.6323354783402,392.6323354783402,83.74337087910331,8396.388554698326
0.0,210.96779765611882,0.0,-210.96779765611882,-210.96779765611882,45.05663316346056,8185.420757042207
0.0,545.2545366555033,0.0,556.1596273886136,556.1596273886136,185.23700182264935,8741.580384430821
0.0,225.42299632412477,0.0,199.48937727798653,199.48937727798653,25.721603636414756,8941.069761708808
116.75948780801177,0,-116.75948780801177,0.0,-116.75948780801177,6.930621765383876,8824.310273900795
0.0,0,0.0,0,0.0,0.0,8824.310273900795
0.0,684.5690298965675,0.0,595.2774173013632,595.2774173013632,230.90104009975437,9419.58769120216
116.73652152782452,0,145.92065190978067,0,145.92065190978067,9.041939987952034,9565.50834311194
0.0,364.6335639657276,0.0,-364.6335639657276,-364.6335639657276,80.61822340924763,9200.874779146212
0.0,0,0.0,0,0.0,0.0,9200.874779146212
0.0,192.6994300627868,0.0,-192.6994300627868,-192.6994300627868,10.620577773380766,9008.175349083425
388.06713362220694,0,-388.06713362220694,0.0,-388.06713362220694,98.63451328766209,8620.108215461218
0.0,0,0.0,0,0.0,0.0,8620.108215461218
0.0,468.1999943923896,0.0,334.4285674231354,334.4285674231354,90.82220865355407,8954.536782884354
515.0103442917251,0,278.38396988741897,0,278.38396988741897,80.05474077176979,9232.920752771774
169.46957083635726,0,-169.46957083635726,0.0,-169.46957083635726,20.218908550735904,9063.451181935416
0.0,0,0.0,0.0,0.0,0.0,9063.451181935416
0.0,196.92593500278917,0.0,187.54850952646586,187.54850952646586,20.37478045365941,9250.999691461882
0.0,307.4808393434471,0.0,-307.4808393434471,-307.4808393434471,122.63902676456854,8943.518852118435
0.0,0,0.0,0,0.0,0.0,8943.518852118435
0.0,760.0627433266029,0.0,584.6636487127716,584.6636487127716,248.43747976150942,9528.182500831208
0.0,194.2056324061555,0.0,-194.2056324061555,-194.2056324061555,17.99247445668992,9333.976868425052
476.52552732049526,0,-476.52552732049526,0.0,-476.52552732049526,164.21370273099268,8857.451341104557
99.9836496789494,0,83.31970806579119,0,83.31970806579119,4.702599078327843,8940.77104917035
659.3930070201499,0,599.4481882001361,0,599.4481882001361,221.0502546124069,9540.219237370486
0.0,0,0.0,0.0,0.0,0.0,9540.219237370486
139.50404676151152,0,-139.50404676151152,0.0,-139.50404676151152,11.219614788969054,9400.715190608975
0.0,506.72603272610695,0.0,460.6600297510063,460.6600297510063,124.15461195144263,9861.375220359982
0.0,954.6151828928009,0.0,662.9272103422229,662.9272103422229,320.86821868357737,10524.302430702204
0.0,0,0.0,0,0.0,0.0,10524.302430702204
0.0,0,0.0,0,0.0,0.0,10524.302430702204
0.0,104.12700599576739,0.0,83.30160479661392,83.30160479661392,4.120912886734352,10607.604035498818
286.03387048375413,0,168.25521793162005,0,168.25521793162005,22.684996090074023,10775.859253430439
0.0,1032.0153691714993,0.0,-1032.0153691714993,-1032.0153691714993,470.653318309907,9743.84388425894
867.2413889833292,0,578.1609259888862,0,578.1609259888862,257.29326663397353,10322.004810247827
0.0,946.4130772456493,0.0,-946.4130772456493,-946.4130772456493,715.8983420654513,9375.591733002177
613.0284706260269,0,931.803275351561,0,931.803275351561,304.6324717843584,10307.395008353738
729.6716740948983,0,1058.0239274376027,0,1058.0239274376027,374.4933078339244,11365.418935791342
0.0,0,0.0,0,0.0,0.0,11365.418935791342
783.7639626918775,0,-783.7639626918775,0.0,-783.7639626918775,163.78389427556866,10581.654973099465
0.0,0,0.0,0.0,0.0,0.0,10581.654973099465
567.6062383485638,0,-567.6062383485638,0.0,-567.6062383485638,228.35051036291586,10014.0487347509
0.0,0,0.0,0.0,0.0,0.0,10014.0487347509
428.90184735103827,0,285.93456490069224,0,285.93456490069224,61.232907066770366,10299.983299651592
333.84214302054187,0,267.07371441643346,0,267.07371441643346,43.281847441565404,10567.057014068027
0.0,74.7199235917815,0.0,141.9678548243848,141.9678548243848,5.019291204185251,10709.024868892411
0.0,1295.423156686766,0.0,528.744145586435,528.744145586435,319.799150035062,11237.769014478847
518.82326997587,0,-518.82326997587,0.0,-518.82326997587,104.14320908499198,10718.945744502977
0.0,0,0.0,0,0.0,0.0,10718.945744502977
0.0,435.1297123840131,0.0,435.1297123840131,435.1297123840131,88.31925784142183,11154.075456886989
0.0,0,0.0,0,0.0,0.0,11154.075456886989
0.0,459.04911136463977,0.0,433.06519940060355,433.06519940060355,89.1146001818785,11587.140656287593
129.48680134530542,0,-129.48680134530542,0.0,-129.48680134530542,9.839740372192182,11457.653854942288
947.2252134133174,0,701.6483062320868,0,701.6483062320868,290.03274798928226,12159.302161174375
458.25800268423137,0,416.5981842583921,0,416.5981842583921,78.50345739812161,12575.900345432767
0.0,1012.2655780428041,0.0,809.8124624342432,809.8124624342432,325.91912224001334,13385.71280786701
0.0,0,0.0,0,0.0,0.0,13385.71280786701
1037.6736133351062,0,943.3396484864602,0,943.3396484864602,365.64308367347854,14329.052456353471
0.0,0,0.0,0,0.0,0.0,14329.052456353471
0.0,658.4507316510998,0.0,399.0610494855151,399.0610494855151,91.68856098739633,14728.113505838986
466.0657983659314,0,332.90414168995096,0,332.90414168995096,52.673152781766845,15061.017647528937
470.69952178243176,0,720.1702683271208,0,720.1702683271208,112.53681817414196,15781.187915856059
116.76149474372849,0,-116.76149474372849,0.0,-116.76149474372849,5.831272994814881,15664.42642111233
0.0,1037.2367825350307,0.0,1037.2367825350307,1037.2367825350307,343.4087256439823,16701.66320364736
0.0,263.4756354619164,0.0,-263.4756354619164,-263.4756354619164,15.986296057329326,16438.187568185444
554.265533586012,0,609.6920869446135,0,609.6920869446135,102.78849431903296,17047.87965513006
813.5169751023232,0,-813.5169751023232,0.0,-813.5169751023232,267.86252524989663,16234.362680027734
0.0,322.5704374951177,0.0,-322.5704374951177,-322.5704374951177,33.64907931910713,15911.792242532616
379.50017310489034,0,417.45019041537955,0,417.45019041537955,49.781450483572485,16329.242432947996
0.0,1151.5855305368816,0.0,853.0263189162083,853.0263189162083,300.7894487649233,17182.268751864205
0.0,381.4089003692324,0.0,-381.4089003692324,-381.4089003692324,18.405317231346913,16800.859851494974
0.0,1119.357011878691,0.0,639.6325782163949,639.6325782163949,213.07755013171476,17440.49242971137
0.0,0,0.0,0.0,0.0,0.0,17440.49242971137
0.0,2142.8573030914517,0.0,1356.2387994249698,1356.2387994249698,833.1835318860533,18796.731229136338
0.0,567.587371266084,0.0,540.5594012057942,540.5594012057942,81.61384173754087,19337.290630342133
2926.2285741267424,0,1828.8928588292138,0,1828.8928588292138,1383.792239778656,21166.183489171348
188.9077527033219,0,-188.9077527033219,0.0,-188.9077527033219,12.644983583014564,20977.275736468026
442.90287481603406,0,-442.90287481603406,0.0,-442.90287481603406,31.170707290538445,20534.37286165199
641.4841744449037,0,400.9276090280647,0,400.9276090280647,62.62395204916092,20935.300470680057
0.0,0,0.0,0.0,0.0,0.0,20935.300470680057
1031.9417080967958,0,1444.718391335514,0,1444.718391335514,356.0649073467051,22380.01886201557
1286.5932005809782,0,-1286.5932005809782,0.0,-1286.5932005809782,425.2946311361919,21093.425661434594
0.0,2099.7794692596767,0.0,1399.8529795064514,1399.8529795064514,696.7532428181516,22493.278640941047
0.0,1551.8013739927133,0.0,1293.1678116605945,1293.1678116605945,446.0753852231889,23786.44645260164
0.0,0,0.0,0,0.0,0.0,23786.44645260164
0.0,0,0.0,0.0,0.0,0.0,23786.44645260164
0.0,0,0.0,0.0,0.0,0.0,23786.44645260164
1544.7919768811034,0,882.7382725034877,0,882.7382725034877,286.6436993366287,24669.18472510513
0.0,0,0.0,0,0.0,0.0,24669.18472510513
1514.73937336547,0,-1514.73937336547,0.0,-1514.73937336547,558.0489330614894,23154.445351739658
677.3974910752864,0,-677.3974910752864,0.0,-677.3974910752864,76.22184156207612,22477.04786066437
873.4115498439104,0,1004.4232823204972,0,1004.4232823204972,195.1490474080706,23481.47114298487
0.0,2141.8294541631208,0.0,1529.8781815450861,1529.8781815450861,697.728462276034,25011.349324529954
0.0,0,0.0,0,0.0,0.0,25011.349324529954
636.1246084700651,0,-636.1246084700651,0.0,-636.1246084700651,77.04207593171981,24375.22471605989
547.5698683526956,0,438.05589468215646,0,438.05589468215646,49.202871230186474,24813.280610742044
0.0,0,0.0,0,0.0,0.0,24813.280610742044
0.0,795.9065720018104,0.0,-795.9065720018104,-795.9065720018104,223.38193450980293,24017.374038740232
0.0,1893.8401503757932,0.0,-1893.8401503757932,-1893.8401503757932,660.7735925553845,22123.53388836444
539.1611321616721,0,668.5598038804734,0,668.5598038804734,81.46561543849037,22792.093692244915
0.0,942.1730018541165,0.0,897.3076208134443,897.3076208134443,185.46321941806394,23689.40131305836
0.0,0,0.0,0,0.0,0.0,23689.40131305836
0.0,0,0.0,0.0,0.0,0.0,23689.40131305836
0.0,882.9118735060446,0.0,569.6205635522869,569.6205635522869,106.1497401954793,24259.021876610645
0.0,549.3071062004185,0.0,714.0992380605442,714.0992380605442,80.84822792817516,24973.12111467119
1842.818808843497,0,-1842.818808843497,0.0,-1842.818808843497,339.96362995976284,23130.302305827692
279.43151481733804,0,-279.43151481733804,0.0,-279.43151481733804,20.592036355096837,22850.870791010355
0.0,2297.881015073842,0.0,1702.1340852398826,1702.1340852398826,855.8320677042934,24553.004876250237
0.0,1215.929826387862,0.0,1013.2748553232184,1013.2748553232184,250.9002717032227,25566.279731573457
0.0,792.9102041042902,0.0,-792.9102041042902,-792.9102041042902,165.99088874181672,24773.369527469167
0.0,379.2683039351485,0.0,-379.2683039351485,-379.2683039351485,39.193296330555285,24394.10122353402
0.0,2742.870174901748,0.0,-2742.870174901748,-2742.870174901748,2313.0602540218197,21651.23104863227
0.0,0,0.0,0.0,0.0,0.0,21651.23104863227
1068.3762707461144,0,635.9382563964966,0,635.9382563964966,156.9013192061879,22287.16930502877
0.0,0,0.0,0,0.0,0.0,22287.16930502877
0.0,0,0.0,0,0.0,0.0,22287.16930502877
264.3332267828765,0,220.2776889857305,0,220.2776889857305,13.062832592368537,22507.4469940145
0.0,0,0.0,0,0.0,0.0,22507.4469940145
2015.3659211834831,0,1679.4716009862361,0,1679.4716009862361,751.9177610688689,24186.918595000734
0.0,1622.383178856136,0.0,1735.9500013760658,1735.9500013760658,582.2106008472572,25922.8685963768
0.0,0,0.0,0.0,0.0,0.0,25922.8685963768
0.0,1758.9319116137535,0.0,-1758.9319116137535,-1758.9319116137535,542.490724707,24163.936684763048
487.4531272728545,0,536.1984400001402,0,536.1984400001402,54.08299355909719,24700.13512476319
0.0,190.24054187210564,0.0,-190.24054187210564,-190.24054187210564,9.817063997674552,24509.894582891084
0.0,0,0.0,0,0.0,0.0,24509.894582891084
0.0,1934.9427080872636,0.0,1105.6815474784364,1105.6815474784364,436.44219695123724,25615.57613036952
0.0,0,0.0,0.0,0.0,0.0,25615.57613036952
0.0,709.6764560186036,0.0,-709.6764560186036,-709.6764560186036,206.44575907528213,24905.89967435092
0.0,565.3450996524392,0.0,791.4831395134148,791.4831395134148,89.830345466751,25697.382813864333
0.0,492.6837059978766,0.0,447.8942781798878,447.8942781798878,42.936320493668006,26145.27709204422
719.3238903639028,0,479.54926024260203,0,479.54926024260203,65.968174344537,26624.826352286822
1006.8877064124187,0,1409.6427889773863,0,1409.6427889773863,266.54671393421813,28034.46914126421
393.54662290595263,0,393.54662290595263,0,393.54662290595263,27.622949380680836,28428.015764170163
0.0,836.3879725527087,0.0,-836.3879725527087,-836.3879725527087,113.92400891802339,27591.627791617455
902.3845512752566,0,820.349592068415,0,820.349592068415,134.1477212070098,28411.97738368587
0.0,0,0.0,0,0.0,0.0,28411.97738368587
0.0,0,0.0,0,0.0,0.0,28411.97738368587
0.0,970.4230774946245,0.0,-970.4230774946245,-970.4230774946245,273.4479803038174,27441.554306191247
0.0,846.0308800394068,0.0,862.9514976401952,862.9514976401952,133.02519362307766,28304.505803831442
0.0,0,0.0,0.0,0.0,0.0,28304.505803831442
0.0,278.2618941274185,0.0,278.2618941274185,278.2618941274185,13.677978032899887,28582.76769795886
0.0,1848.4720562137309,0.0,1232.3147041424872,1232.3147041424872,398.4742343953184,29815.082402101347
2427.0075313192024,0,1348.3375173995564,0,1348.3375173995564,548.7868967382631,31163.419919500902
0.0,772.6248456775517,0.0,849.887330245307,849.887330245307,105.35494324279585,32013.30724974621
0.0,0,0.0,0.0,0.0,0.0,32013.30724974621
0.0,0,0.0,0,0.0,0.0,32013.30724974621
1670.5088032933256,0,726.3081753449239,0,726.3081753449239,189.4999775175097,32739.61542509113
933.4344865105766,0,804.68490216429,0,804.68490216429,114.7112800046653,33544.30032725542
882.5044744718882,0,490.28026359549335,0,490.28026359549335,64.4930021117064,34034.580590850914
0.0,837.3048582388882,0.0,1205.7189958639988,1205.7189958639988,148.31303271285583,35240.299586714915
0.0,1387.9535993007175,0.0,1206.9161733049718,1206.9161733049718,237.6744333104915,36447.215760019884
0.0,0,0.0,0,0.0,0.0,36447.215760019884
0.0,0,0.0,0,0.0,0.0,36447.215760019884
430.8654904159951,0,307.76106458285363,0,307.76106458285363,18.191186796756256,36754.97682460274
0.0,728.3015188531753,0.0,961.3580048861917,961.3580048861917,95.24676052191188,37716.33482948893
0.0,1571.661154922403,0.0,-1571.661154922403,-1571.661154922403,514.1123218073606,36144.673674566526
449.2332050757465,0,359.3865640605972,0,359.3865640605972,22.333633371229837,36504.06023862712
0.0,0,0.0,0.0,0.0,0.0,36504.06023862712
1342.2659962722726,0,706.4557875117223,0,706.4557875117223,129.88302879844207,37210.516026138845
1938.7047390318057,0,1550.9637912254443,0,1550.9637912254443,404.03374814841436,38761.47981736429
0.0,1032.261094919232,0.0,1063.228927766809,1063.228927766809,141.57481374520398,39824.7087451311
0.0,0,0.0,0,0.0,0.0,39824.7087451311
0.0,0,0.0,0,0.0,0.0,39824.7087451311
0.0,0,0.0,0,0.0,0.0,39824.7087451311
438.809369824258,0,351.0474958594064,0,351.0474958594064,19.340120152828888,40175.75624099051
0.0,0,0.0,0,0.0,0.0,40175.75624099051
0.0,1585.7029159822846,0.0,3092.120686165455,3092.120686165455,610.2168630268476,43267.876927155965
2044.4463833427549,0,2862.2249366798565,0,2862.2249366798565,676.21360645453,46130.10186383582
0.0,0,0.0,0.0,0.0,0.0,46130.10186383582
0.0,3294.3071654279734,0.0,3623.7378819707715,3623.7378819707715,1293.9171157096218,49753.839745806596
1690.62179445005,0,1252.31244033337,0,1252.31244033337,212.76616195908434,51006.15218613997
0.0,3526.3451377029196,0.0,3702.6623945880656,3702.6623945880656,1279.9304566301955,54708.81458072803
0.0,0,0.0,0,0.0,0.0,54708.81458072803
0.0,1292.473355841687,0.0,-1292.473355841687,-1292.473355841687,152.67077054792594,53416.341224886346
6454.887610503236,0,7745.865132603885,0,7745.865132603885,4680.092995004658,61162.20635749023
0.0,0,0.0,0,0.0,0.0,61162.20635749023
0.0,553.2917441707839,0.0,-553.2917441707839,-553.2917441707839,41.29326135032363,60608.914613319444
0.0,585.545425978286,0.0,-585.545425978286,-585.545425978286,35.35612789714361,60023.36918734116
0.0,1540.0756122488976,0.0,1339.1961845642593,1339.1961845642593,171.8050329220074,61362.56537190542
4424.781984569839,0,2854.698054561187,0,2854.698054561187,1029.2444951292848,64217.263426466605
3361.2116252606115,0,1244.8931945409672,0,1244.8931945409672,325.7963088453855,65462.15662100757
3875.1139934754365,0,2870.454809981804,0,2870.454809981804,849.60075988619,68332.61143098937
0.0,921.9901478144977,0.0,-921.9901478144977,-921.9901478144977,90.1908643292503,67410.62128317487
4059.697485694633,0,5277.606731403024,0,5277.606731403024,1589.1773707261134,72688.2280145779
0.0,3355.327426404755,0.0,-3355.327426404755,-3355.327426404755,1200.3487215973557,69332.90058817314
6069.6136866958395,0,3194.5335193136007,0,3194.5335193136007,1398.2960619667158,72527.43410748674
0.0,1866.9020644839827,0.0,1189.1095952127278,1189.1095952127278,153.04216849243255,73716.54370269946
0.0,5296.541292644532,0.0,5296.541292644532,5296.541292644532,1902.7851996037975,79013.08499534399
2958.260708001081,0,1314.782536889369,0,1314.782536889369,246.12818994948702,80327.86753223336
0.0,0,0.0,0.0,0.0,0.0,80327.86753223336
0.0,5696.262634677323,0.0,6835.51516161279,6835.51516161279,2423.622760073952,87163.38269384614
0.0,2882.6003606267773,0.0,1747.0305215919866,1747.0305215919866,288.88224939912755,88910.41321543812
2870.3345521973497,0,3444.4014626368207,0,3444.4014626368207,555.9857485922066,92354.81467807494
0.0,4979.87671725726,0.0,-4979.87671725726,-4979.87671725726,1048.9086727944823,87374.93796081768
0.0,2060.788191538869,0.0,1648.6305532310948,1648.6305532310948,194.41950149552008,89023.56851404878
0.0,6680.903097355607,0.0,7683.038561958951,7683.038561958951,2882.923981956183,96706.60707600773
0.0,0,0.0,0,0.0,0.0,96706.60707600773
5109.685576798555,0,-5109.685576798555,0.0,-5109.685576798555,1038.3860835590062,91596.92149920917
0.0,6604.41715883228,0.0,-6604.41715883228,-6604.41715883228,2857.1916147807333,84992.5043403769
0.0,0,0.0,0.0,0.0,0.0,84992.5043403769
0.0,0,0.0,0,0.0,0.0,84992.5043403769
5443.271351287611,0,2990.808434773411,0,2990.808434773411,957.7186833437916,87983.3127751503
0.0,0,0.0,0,0.0,0.0,87983.3127751503
0.0,4361.617319400799,0.0,3489.2938555206383,3489.2938555206383,864.8778974492075,91472.60663067094
3823.8788514045204,0,5582.8631230506,0,5582.8631230506,1166.9172341788983,97055.46975372154
0.0,0,0.0,0.0,0.0,0.0,97055.46975372154
0.0,6624.540774999867,0.0,4568.6488103447355,4568.6488103447355,1559.1702563277133,101624.11856406627
4105.633545389713,0,4516.196899928685,0,4516.196899928685,912.2760301356514,106140.31546399496
4173.016883661933,0,3091.123617527357,0,3091.123617527357,607.6536982690395,109231.43908152232
2846.4689120850876,0,2333.1712394140054,0,2333.1712394140054,304.00127726077176,111564.61032093632
0.0,9739.574370132947,0.0,-9739.574370132947,-9739.574370132947,2742.7852775312595,101825.03595080337
0.0,3729.5042195532333,0.0,5967.206751285174,5967.206751285174,1092.7922858095985,107792.24270208855
10514.140894053218,0,10013.467518145922,0,10013.467518145922,4883.607840630432,117805.71022023447
0.0,1388.73176973193,0.0,-1388.73176973193,-1388.73176973193,46.77376782154664,116416.97845050255
1800.778714623715,0,1169.3368276777367,0,1169.3368276777367,90.43856392489101,117586.31527818028
0.0,10719.851326693348,0.0,13614.211184900556,13614.211184900556,6205.7527479739465,131200.52646308084
0.0,0,0.0,0.0,0.0,0.0,131200.52646308084
6349.8601540137515,0,-6349.8601540137515,0.0,-6349.8601540137515,863.2622418424257,124850.66630906709
0.0,5443.2215348897935,0.0,-5443.2215348897935,-5443.2215348897935,1050.0566185341147,119407.4447741773
4036.329525585806,0,-4036.329525585806,0.0,-4036.329525585806,655.9617105503678,115371.1152485915
0.0,0,0.0,0,0.0,0.0,115371.1152485915
7611.753648727157,0,-7611.753648727157,0.0,-7611.753648727157,4017.5597494447225,107759.36159986434
1333.1208948406647,0,1999.681342260997,0,1999.681342260997,123.69305742038284,109759.04294212534
0.0,1588.238856515973,0.0,1921.769016384328,1921.769016384328,139.04222118078587,111680.81195850966
4342.300087926699,0,3473.840070341359,0,3473.840070341359,675.3378569852525,115154.65202885102
10459.914551097268,0,-10459.914551097268,0.0,-10459.914551097268,3598.908948407074,104694.73747775375
1188.5749726709405,0,-1188.5749726709405,0.0,-1188.5749726709405,104.57551518469882,103506.1625050828
0.0,16056.109969454108,0.0,7136.048875312936,7136.048875312936,5534.800185631331,110642.21138039573
2224.5366174755122,0,-2224.5366174755122,0.0,-2224.5366174755122,279.53634855710084,108417.67476292021
0.0,3618.873918217462,0.0,5428.310877326192,5428.310877326192,905.9580320685152,113845.9856402464
9019.090980717023,0,8199.173618833656,0,8199.173618833656,3247.7690108738175,122045.15925908006
0.0,0,0.0,0,0.0,0.0,122045.15925908006
0.0,10968.397578198295,0.0,14368.600827439768,14368.600827439768,6456.647993028164,136413.76008651982
5242.27160132911,0,-5242.27160132911,0.0,-5242.27160132911,1188.5921771789235,131171.4884851907
8754.687895020967,0,-8754.687895020967,0.0,-8754.687895020967,2043.0352328054455,122416.80059016973
0.0,0,0.0,0,0.0,0.0,122416.80059016973
0.0,5051.268777749388,0.0,4592.062525226716,4592.062525226716,947.4084417875804,127008.86311539645
0.0,0,0.0,0,0.0,0.0,127008.86311539645
16530.11270654839,0,12715.471312729533,0,12715.471312729533,8274.547490647614,139724.334428126
0.0,0,0.0,0,0.0,0.0,139724.334428126
6056.461403260121,0,4064.739196818874,0,4064.739196818874,880.9466210953935,143789.07362494487
0.0,0,0.0,0,0.0,0.0,143789.07362494487
0.0,4045.8873901122956,0.0,3236.709912089836,3236.709912089836,455.3671391239818,147025.7835370347
0.0,0,0.0,0,0.0,0.0,147025.7835370347
0.0,6430.988440714176,0.0,-6430.988440714176,-6430.988440714176,1912.8057476832646,140594.79509632054
16003.814279583383,0,-16003.814279583383,0.0,-16003.814279583383,5060.28831373818,124590.98081673715
0.0,0,0.0,0.0,0.0,0.0,124590.98081673715
15119.152391000755,0,12599.293659167297,0,12599.293659167297,7644.640069577572,137190.27447590444
0.0,0,0.0,0,0.0,0.0,137190.27447590444
0.0,4803.572700889527,0.0,-4803.572700889527,-4803.572700889527,824.4707328776781,132386.70177501492
0.0,6427.675122157479,0.0,-6427.675122157479,-6427.675122157479,1950.4889332755215,125959.02665285744
12842.221940341235,0,5136.888776136493,0,5136.888776136493,2618.6716227890192,131095.91542899393
0.0,2361.013603289099,0.0,1311.6742240494991,1311.6742240494991,118.1150715462951,132407.58965304343
4428.5692899672495,0,-4428.5692899672495,0.0,-4428.5692899672495,740.6005202357458,127979.02036307618
0.0,1571.0433571409008,0.0,-1571.0433571409008,-1571.0433571409008,65.59794427631766,126407.97700593529
10726.967959275296,0,7397.908937431241,0,7397.908937431241,3138.928967027737,133805.88594336653
0.0,17571.206203973677,0.0,10040.689259413532,10040.689259413532,6592.6480051053895,143846.57520278008
0.0,0,0.0,0,0.0,0.0,143846.57520278008
2112.426459987368,0,2112.426459987368,0,2112.426459987368,155.10781339646803,145959.00166276743
0.0,3714.4472819132716,0.0,-3714.4472819132716,-3714.4472819132716,450.1302698812642,142244.55438085416
12847.565132885,0,3211.89128322125,0,3211.89128322125,1450.494278692921,145456.4456640754
14055.383587943603,0,5856.409828309834,0,5856.409828309834,2829.509761815507,151312.85549238525
0.0,4186.267527755855,0.0,5860.774538858196,5860.774538858196,810.7298636220326,157173.63003124343
0.0,6793.129239069134,0.0,7132.785701022591,7132.785701022591,1541.414265611826,164306.41573226603
0.0,15421.333533683337,0.0,21589.86694715667,21589.86694715667,10131.81797120068,185896.2826794227
13975.83673886986,0,12152.901512060751,0,12152.901512060751,4568.3260845249415,198049.18419148345
0.0,0,0.0,0,0.0,0.0,198049.18419148345
0.0,16388.004257515095,0.0,-16388.004257515095,-16388.004257515095,4490.26668678673,181661.17993396835
8011.223397982166,0,7282.9303618019685,0,7282.9303618019685,1605.8792016420466,188944.1102957703
14898.885583335277,0,11919.10846666822,0,11919.10846666822,4699.311161969252,200863.21876243854
18586.83652068632,0,11264.74940647656,0,11264.74940647656,5211.90631502096,212127.9681689151
13762.239002934344,0,-13762.239002934344,0.0,-13762.239002934344,5133.908263254837,198365.72916598077
6395.0043681265915,0,-6395.0043681265915,0.0,-6395.0043681265915,1556.5461425937524,191970.72479785417
0.0,10452.123724355828,0.0,12019.942283009204,12019.942283009204,3272.215699396905,203990.66708086338
0.0,24104.252176149686,0.0,23177.165553990086,23177.165553990086,13693.475570141814,227167.83263485346
0.0,0,0.0,0.0,0.0,0.0,227167.83263485346
0.0,14785.803941568956,0.0,7992.326454902137,7992.326454902137,2601.005842872734,235160.1590897556
0.0,9949.395223788139,0.0,-9949.395223788139,-9949.395223788139,2004.5196856941056,225210.76386596746
14372.099366512868,0,10645.99953075027,0,10645.99953075027,3396.937173101822,235856.76339671772
0.0,0,0.0,0,0.0,0.0,235856.76339671772
6806.377620508688,0,7487.01538255956,0,7487.01538255956,1080.3051227015794,243343.7787792773
0.0,23641.14373326111,0.0,20557.51628979227,20557.51628979227,9985.938408695882,263901.29506906954
0.0,0,0.0,0,0.0,0.0,263901.29506906954
0.0,16890.97297480086,0.0,-16890.97297480086,-16890.97297480086,8108.286318586886,247010.3220942687
0.0,0,0.0,0,0.0,0.0,247010.3220942687
0.0,0,0.0,0,0.0,0.0,247010.3220942687
0.0,0,0.0,0,0.0,0.0,247010.3220942687
13371.462553275176,0,-13371.462553275176,0.0,-13371.462553275176,2262.000749828544,233638.85954099352
0.0,8015.907554050618,0.0,-8015.907554050618,-8015.907554050618,1145.906229692138,225622.9519869429
0.0,0,0.0,0,0.0,0.0,225622.9519869429
0.0,0,0.0,0.0,0.0,0.0,225622.9519869429
0.0,0,0.0,0.0,0.0,0.0,225622.9519869429
25000.93617669627,0,30001.12341203553,0,30001.12341203553,16621.894294178346,255624.07539897843
22185.163759043622,0,8216.727318164307,0,8216.727318164307,3565.576537193628,263840.80271714274
2013.6380584938975,0,-2013.6380584938975,0.0,-2013.6380584938975,138.3131179852362,261827.16465864884
0.0,7110.636930668167,0.0,11377.019089069072,11377.019089069072,1544.8712550724072,273204.1837477179
0.0,9667.228315681105,0.0,-9667.228315681105,-9667.228315681105,1554.8694291160805,263536.9554320368
0.0,0,0.0,0,0.0,0.0,263536.9554320368
0.0,0,0.0,0,0.0,0.0,263536.9554320368
0.0,3283.3938825997475,0.0,-3283.3938825997475,-3283.3938825997475,163.63056741882497,260253.56154943703
0.0,22488.968126280586,0.0,-22488.968126280586,-22488.968126280586,10202.384332274205,237764.59342315645
0.0,8466.041069365787,0.0,8300.040264084106,8300.040264084106,1477.6901964555104,246064.63368724054
0.0,9170.632528397551,0.0,10546.227407657187,10546.227407657187,1965.2473959233967,256610.86109489773
0.0,3389.063714861813,0.0,2053.9780090071595,2053.9780090071595,135.6346008066273,258664.8391039049
0.0,0,0.0,0,0.0,0.0,258664.8391039049
13706.239514704514,0,7213.810270897113,0,7213.810270897113,1911.2418164193123,265878.649374802
0.0,20523.603947520285,0.0,-20523.603947520285,-20523.603947520285,13545.339709950196,245355.04542728173
0.0,13642.002157286142,0.0,-13642.002157286142,-13642.002157286142,3160.457778904688,231713.0432699956
0.0,0,0.0,0,0.0,0.0,231713.0432699956
0.0,0,0.0,0,0.0,0.0,231713.0432699956
0.0,0,0.0,0,0.0,0.0,231713.0432699956
18988.99579963152,0,19938.445589613097,0,19938.445589613097,8169.826225776624,251651.4888596087
0.0,17227.88802728208,0.0,9844.507444161187,9844.507444161187,3369.741079226641,261495.9963037699
0.0,7331.681269074044,0.0,5865.345015259234,5865.345015259234,822.2466269632314,267361.34131902916
0.0,0,0.0,0,0.0,0.0,267361.34131902916
0.0,23579.962261279765,0.0,20867.223240070587,20867.223240070587,9201.934993126535,288228.56455909973
5651.125283694545,0,-5651.125283694545,0.0,-5651.125283694545,537.8555222102773,282577.4392754052
0.0,0,0.0,0.0,0.0,0.0,282577.4392754052
31169.454269336537,0,15584.727134668268,0,15584.727134668268,8595.297646014353,298162.16641007346
32368.80787884889,0,37224.129060676234,0,37224.129060676234,20205.45893749243,335386.2954707497
0.0,20891.887941757526,0.0,25488.10328894419,25488.10328894419,7938.526483515845,360874.3987596939
0.0,0,0.0,0,0.0,0.0,360874.3987596939
22191.087273557572,0,30845.611310245036,0,30845.611310245036,9483.87659175137,391720.01006993896
15958.979624740845,0,7784.868109629682,0,7784.868109629682,1585.8080816536913,399504.8781795686
0.0,14782.268971654461,0.0,-14782.268971654461,-14782.268971654461,3965.5015174254568,384722.60920791415
0.0,0,0.0,0,0.0,0.0,384722.60920791415
0.0,9796.869575646404,0.0,8906.245068769458,8906.245068769458,1133.9770429286673,393628.8542766836
23630.00063825229,0,21879.63022060397,0,21879.63022060397,6567.298998286633,415508.48449728754
11078.51626969243,0,-11078.51626969243,0.0,-11078.51626969243,984.6050266685643,404429.9682275951
34718.990921608194,0,25717.7710530431,0,25717.7710530431,11038.932940945166,430147.73928063817
45035.23683051543,0,21445.350871674025,0,21445.350871674025,11226.33420129674,451593.0901523122
46485.22332359373,0,41878.57957080516,0,41878.57957080516,21554.0844875104,493471.6697231174
0.0,0,0.0,0,0.0,0.0,493471.6697231174
0.0,24257.013945364895,0.0,-24257.013945364895,-24257.013945364895,6558.05629595061,469214.65577775246
0.0,0,0.0,0,0.0,0.0,469214.65577775246
0.0,0,0.0,0.0,0.0,0.0,469214.65577775246
9220.602175084226,0,7260.3166732946665,0,7260.3166732946665,713.3674415882906,476474.9724510471
0.0,18451.52421946323,0.0,-18451.52421946323,-18451.52421946323,4037.1310692898023,458023.44823158387
29348.570616631398,0,25520.49618837513,0,25520.49618837513,8176.329044373495,483543.944419959
33803.56663661221,0,35493.74496844282,0,35493.74496844282,12406.475017104485,519037.6893884018
17913.73824897024,0,-17913.73824897024,0.0,-17913.73824897024,1188.9681194692757,501123.95113943156
0.0,11762.40886470341,0.0,9802.007387252843,9802.007387252843,1150.3662748663128,510925.9585266844
0.0,13767.416671980223,0.0,13767.416671980223,13767.416671980223,1854.884828777198,524693.3751986646
35112.46826223649,0,18287.743886581513,0,18287.743886581513,6119.076942436847,542981.1190852461
0.0,0,0.0,0.0,0.0,0.0,542981.1190852461
0.0,5356.15481749345,0.0,6159.578040117468,6159.578040117468,303.801112356196,549140.6971253636
25445.75106046393,0,17794.231510813934,0,17794.231510813934,4122.691941306501,566934.9286361776
0.0,14881.521497332042,0.0,14881.521497332042,14881.521497332042,1953.1313991210645,581816.4501335096
10594.995976495906,0,-10594.995976495906,0.0,-10594.995976495906,1639.9647819991114,571221.4541570137
25327.98329405252,0,15350.292905486374,0,15350.292905486374,3403.163164124636,586571.7470625001
47296.395020031414,0,46369.01472552099,0,46369.01472552099,18694.109016762934,632940.7617880211
0.0,11943.759484816374,0.0,10857.963168014883,10857.963168014883,1024.463175727632,643798.724956036
0.0,4493.184258127381,0.0,7638.413238816551,7638.413238816551,266.5491308954206,651437.1381948525
0.0,0,0.0,0,0.0,0.0,651437.1381948525
0.0,0,0.0,0,0.0,0.0,651437.1381948525
16749.868679886047,0,-16749.868679886047,0.0,-16749.868679886047,1957.6165062516502,634687.2695149664
0.0,8214.49219385941,0.0,8625.216803552381,8625.216803552381,558.1628898691442,643312.4863185188
0.0,12067.419114057911,0.0,-12067.419114057911,-12067.419114057911,1697.7278597647464,631245.0672044609
55161.2235253615,0,42431.710404124235,0,42431.710404124235,18539.432494346813,673676.7776085851
0.0,0,0.0,0.0,0.0,0.0,673676.7776085851
0.0,36919.65719229417,0.0,-36919.65719229417,-36919.65719229417,16692.358031532036,636757.1204162909
0.0,0,0.0,0,0.0,0.0,636757.1204162909
9038.845333925305,0,9490.787600621572,0,9490.787600621572,673.6144635734154,646247.9080169125
6612.322601551442,0,-6612.322601551442,0.0,-6612.322601551442,296.73861836535343,639635.5854153611
0.0,0,0.0,0,0.0,0.0,639635.5854153611
0.0,12215.688029109539,0.0,11105.170935554126,11105.170935554126,1060.4264893312002,650740.7563509152
0.0,18584.1354103543,0.0,25088.582803978305,25088.582803978305,3582.45288567412,675829.3391548935
