game_index,bet_type,model_prob,market_prob,fractional_kelly_used,bet_size,profit,expected_value,bankroll
0,none,0,0,0.0,0.0,0.0,0.0,1000.0
1,none,0,0,0.0,0.0,0.0,0.0,1000.0
2,none,0,0,0.0,0.0,0.0,0.0,1000.0
3,none,0,0,0.0,0.0,0.0,0.0,1000.0
4,none,0,0,0.0,0.0,0.0,0.0,1000.0
5,none,0,0,0.0,0.0,0.0,0.0,1000.0
6,none,0,0,0.0,0.0,0.0,0.0,1000.0
7,none,0,0,0.0,0.0,0.0,0.0,1000.0
8,none,0,0,0.0,0.0,0.0,0.0,1000.0
9,none,0,0,0.0,0.0,0.0,0.0,1000.0
10,none,0,0,0.0,0.0,0.0,0.0,1000.0
11,none,0,0,0.0,0.0,0.0,0.0,1000.0
12,none,0,0,0.0,0.0,0.0,0.0,1000.0
13,none,0,0,0.0,0.0,0.0,0.0,1000.0
14,none,0,0,0.0,0.0,0.0,0.0,1000.0
15,none,0,0,0.0,0.0,0.0,0.0,1000.0
16,none,0,0,0.0,0.0,0.0,0.0,1000.0
17,none,0,0,0.0,0.0,0.0,0.0,1000.0
18,none,0,0,0.0,0.0,0.0,0.0,1000.0
19,none,0,0,0.0,0.0,0.0,0.0,1000.0
20,none,0,0,0.0,0.0,0.0,0.0,1000.0
21,none,0,0,0.0,0.0,0.0,0.0,1000.0
22,none,0,0,0.0,0.0,0.0,0.0,1000.0
23,none,0,0,0.0,0.0,0.0,0.0,1000.0
24,none,0,0,0.0,0.0,0.0,0.0,1000.0
25,none,0,0,0.0,0.0,0.0,0.0,1000.0
26,none,0,0,0.0,0.0,0.0,0.0,1000.0
27,none,0,0,0.0,0.0,0.0,0.0,1000.0
28,none,0,0,0.0,0.0,0.0,0.0,1000.0
29,none,0,0,0.0,0.0,0.0,0.0,1000.0
30,none,0,0,0.0,0.0,0.0,0.0,1000.0
31,none,0,0,0.0,0.0,0.0,0.0,1000.0
32,none,0,0,0.0,0.0,0.0,0.0,1000.0
33,none,0,0,0.0,0.0,0.0,0.0,1000.0
34,none,0,0,0.0,0.0,0.0,0.0,1000.0
35,none,0,0,0.0,0.0,0.0,0.0,1000.0
36,none,0,0,0.0,0.0,0.0,0.0,1000.0
37,none,0,0,0.0,0.0,0.0,0.0,1000.0
38,none,0,0,0.0,0.0,0.0,0.0,1000.0
39,none,0,0,0.0,0.0,0.0,0.0,1000.0
40,none,0,0,0.0,0.0,0.0,0.0,1000.0
41,none,0,0,0.0,0.0,0.0,0.0,1000.0
42,none,0,0,0.0,0.0,0.0,0.0,1000.0
43,none,0,0,0.0,0.0,0.0,0.0,1000.0
44,none,0,0,0.0,0.0,0.0,0.0,1000.0
45,none,0,0,0.0,0.0,0.0,0.0,1000.0
46,none,0,0,0.0,0.0,0.0,0.0,1000.0
47,none,0,0,0.0,0.0,0.0,0.0,1000.0
48,none,0,0,0.0,0.0,0.0,0.0,1000.0
49,none,0,0,0.0,0.0,0.0,0.0,1000.0
50,none,0,0,0.0,0.0,0.0,0.0,1000.0
51,none,0,0,0.0,0.0,0.0,0.0,1000.0
52,none,0,0,0.0,0.0,0.0,0.0,1000.0
53,none,0,0,0.0,0.0,0.0,0.0,1000.0
54,none,0,0,0.0,0.0,0.0,0.0,1000.0
55,none,0,0,0.0,0.0,0.0,0.0,1000.0
56,none,0,0,0.0,0.0,0.0,0.0,1000.0
57,none,0,0,0.0,0.0,0.0,0.0,1000.0
58,none,0,0,0.0,0.0,0.0,0.0,1000.0
59,none,0,0,0.0,0.0,0.0,0.0,1000.0
60,none,0,0,0.0,0.0,0.0,0.0,1000.0
61,none,0,0,0.0,0.0,0.0,0.0,1000.0
62,none,0,0,0.0,0.0,0.0,0.0,1000.0
63,none,0,0,0.0,0.0,0.0,0.0,1000.0
64,none,0,0,0.0,0.0,0.0,0.0,1000.0
65,none,0,0,0.0,0.0,0.0,0.0,1000.0
66,none,0,0,0.0,0.0,0.0,0.0,1000.0
67,none,0,0,0.0,0.0,0.0,0.0,1000.0
68,none,0,0,0.0,0.0,0.0,0.0,1000.0
69,none,0,0,0.0,0.0,0.0,0.0,1000.0
70,none,0,0,0.0,0.0,0.0,0.0,1000.0
71,none,0,0,0.0,0.0,0.0,0.0,1000.0
72,none,0,0,0.0,0.0,0.0,0.0,1000.0
73,none,0,0,0.0,0.0,0.0,0.0,1000.0
74,none,0,0,0.0,0.0,0.0,0.0,1000.0
75,none,0,0,0.0,0.0,0.0,0.0,1000.0
76,none,0,0,0.0,0.0,0.0,0.0,1000.0
77,none,0,0,0.0,0.0,0.0,0.0,1000.0
78,none,0,0,0.0,0.0,0.0,0.0,1000.0
79,none,0,0,0.0,0.0,0.0,0.0,1000.0
80,none,0,0,0.0,0.0,0.0,0.0,1000.0
81,none,0,0,0.0,0.0,0.0,0.0,1000.0
82,none,0,0,0.0,0.0,0.0,0.0,1000.0
83,none,0,0,0.0,0.0,0.0,0.0,1000.0
84,none,0,0,0.0,0.0,0.0,0.0,1000.0
85,none,0,0,0.0,0.0,0.0,0.0,1000.0
86,none,0,0,0.0,0.0,0.0,0.0,1000.0
87,none,0,0,0.0,0.0,0.0,0.0,1000.0
88,none,0,0,0.0,0.0,0.0,0.0,1000.0
89,none,0,0,0.0,0.0,0.0,0.0,1000.0
90,none,0,0,0.0,0.0,0.0,0.0,1000.0
91,none,0,0,0.0,0.0,0.0,0.0,1000.0
92,none,0,0,0.0,0.0,0.0,0.0,1000.0
93,none,0,0,0.0,0.0,0.0,0.0,1000.0
94,none,0,0,0.0,0.0,0.0,0.0,1000.0
95,none,0,0,0.0,0.0,0.0,0.0,1000.0
96,none,0,0,0.0,0.0,0.0,0.0,1000.0
97,none,0,0,0.0,0.0,0.0,0.0,1000.0
98,none,0,0,0.0,0.0,0.0,0.0,1000.0
99,none,0,0,0.0,0.0,0.0,0.0,1000.0
100,none,0,0,0.0,0.0,0.0,0.0,1000.0
101,none,0,0,0.0,0.0,0.0,0.0,1000.0
102,none,0,0,0.0,0.0,0.0,0.0,1000.0
103,none,0,0,0.0,0.0,0.0,0.0,1000.0
104,none,0,0,0.0,0.0,0.0,0.0,1000.0
105,none,0,0,0.0,0.0,0.0,0.0,1000.0
106,none,0,0,0.0,0.0,0.0,0.0,1000.0
107,none,0,0,0.0,0.0,0.0,0.0,1000.0
108,none,0,0,0.0,0.0,0.0,0.0,1000.0
109,none,0,0,0.0,0.0,0.0,0.0,1000.0
110,none,0,0,0.0,0.0,0.0,0.0,1000.0
111,none,0,0,0.0,0.0,0.0,0.0,1000.0
112,none,0,0,0.0,0.0,0.0,0.0,1000.0
113,none,0,0,0.0,0.0,0.0,0.0,1000.0
114,none,0,0,0.0,0.0,0.0,0.0,1000.0
115,none,0,0,0.0,0.0,0.0,0.0,1000.0
116,none,0,0,0.0,0.0,0.0,0.0,1000.0
117,none,0,0,0.0,0.0,0.0,0.0,1000.0
118,none,0,0,0.0,0.0,0.0,0.0,1000.0
119,none,0,0,0.0,0.0,0.0,0.0,1000.0
120,none,0,0,0.0,0.0,0.0,0.0,1000.0
121,none,0,0,0.0,0.0,0.0,0.0,1000.0
122,none,0,0,0.0,0.0,0.0,0.0,1000.0
123,none,0,0,0.0,0.0,0.0,0.0,1000.0
124,none,0,0,0.0,0.0,0.0,0.0,1000.0
125,none,0,0,0.0,0.0,0.0,0.0,1000.0
126,none,0,0,0.0,0.0,0.0,0.0,1000.0
127,none,0,0,0.0,0.0,0.0,0.0,1000.0
128,none,0,0,0.0,0.0,0.0,0.0,1000.0
129,none,0,0,0.0,0.0,0.0,0.0,1000.0
130,none,0,0,0.0,0.0,0.0,0.0,1000.0
131,none,0,0,0.0,0.0,0.0,0.0,1000.0
132,none,0,0,0.0,0.0,0.0,0.0,1000.0
133,none,0,0,0.0,0.0,0.0,0.0,1000.0
134,none,0,0,0.0,0.0,0.0,0.0,1000.0
135,none,0,0,0.0,0.0,0.0,0.0,1000.0
136,none,0,0,0.0,0.0,0.0,0.0,1000.0
137,none,0,0,0.0,0.0,0.0,0.0,1000.0
138,none,0,0,0.0,0.0,0.0,0.0,1000.0
139,none,0,0,0.0,0.0,0.0,0.0,1000.0
140,none,0,0,0.0,0.0,0.0,0.0,1000.0
141,none,0,0,0.0,0.0,0.0,0.0,1000.0
142,none,0,0,0.0,0.0,0.0,0.0,1000.0
143,none,0,0,0.0,0.0,0.0,0.0,1000.0
144,none,0,0,0.0,0.0,0.0,0.0,1000.0
145,none,0,0,0.0,0.0,0.0,0.0,1000.0
146,none,0,0,0.0,0.0,0.0,0.0,1000.0
147,none,0,0,0.0,0.0,0.0,0.0,1000.0
148,none,0,0,0.0,0.0,0.0,0.0,1000.0
149,none,0,0,0.0,0.0,0.0,0.0,1000.0
150,none,0,0,0.0,0.0,0.0,0.0,1000.0
151,none,0,0,0.0,0.0,0.0,0.0,1000.0
152,none,0,0,0.0,0.0,0.0,0.0,1000.0
153,none,0,0,0.0,0.0,0.0,0.0,1000.0
154,none,0,0,0.0,0.0,0.0,0.0,1000.0
155,none,0,0,0.0,0.0,0.0,0.0,1000.0
156,none,0,0,0.0,0.0,0.0,0.0,1000.0
157,none,0,0,0.0,0.0,0.0,0.0,1000.0
158,none,0,0,0.0,0.0,0.0,0.0,1000.0
159,none,0,0,0.0,0.0,0.0,0.0,1000.0
160,none,0,0,0.0,0.0,0.0,0.0,1000.0
161,none,0,0,0.0,0.0,0.0,0.0,1000.0
162,none,0,0,0.0,0.0,0.0,0.0,1000.0
163,none,0,0,0.0,0.0,0.0,0.0,1000.0
164,none,0,0,0.0,0.0,0.0,0.0,1000.0
165,none,0,0,0.0,0.0,0.0,0.0,1000.0
166,none,0,0,0.0,0.0,0.0,0.0,1000.0
167,none,0,0,0.0,0.0,0.0,0.0,1000.0
168,none,0,0,0.0,0.0,0.0,0.0,1000.0
169,none,0,0,0.0,0.0,0.0,0.0,1000.0
170,none,0,0,0.0,0.0,0.0,0.0,1000.0
171,none,0,0,0.0,0.0,0.0,0.0,1000.0
172,none,0,0,0.0,0.0,0.0,0.0,1000.0
173,none,0,0,0.0,0.0,0.0,0.0,1000.0
174,none,0,0,0.0,0.0,0.0,0.0,1000.0
175,none,0,0,0.0,0.0,0.0,0.0,1000.0
176,none,0,0,0.0,0.0,0.0,0.0,1000.0
177,none,0,0,0.0,0.0,0.0,0.0,1000.0
178,none,0,0,0.0,0.0,0.0,0.0,1000.0
179,none,0,0,0.0,0.0,0.0,0.0,1000.0
180,none,0,0,0.0,0.0,0.0,0.0,1000.0
181,none,0,0,0.0,0.0,0.0,0.0,1000.0
182,none,0,0,0.0,0.0,0.0,0.0,1000.0
183,none,0,0,0.0,0.0,0.0,0.0,1000.0
184,none,0,0,0.0,0.0,0.0,0.0,1000.0
185,none,0,0,0.0,0.0,0.0,0.0,1000.0
186,none,0,0,0.0,0.0,0.0,0.0,1000.0
187,none,0,0,0.0,0.0,0.0,0.0,1000.0
188,none,0,0,0.0,0.0,0.0,0.0,1000.0
189,none,0,0,0.0,0.0,0.0,0.0,1000.0
190,none,0,0,0.0,0.0,0.0,0.0,1000.0
191,none,0,0,0.0,0.0,0.0,0.0,1000.0
192,none,0,0,0.0,0.0,0.0,0.0,1000.0
193,none,0,0,0.0,0.0,0.0,0.0,1000.0
194,none,0,0,0.0,0.0,0.0,0.0,1000.0
195,none,0,0,0.0,0.0,0.0,0.0,1000.0
196,none,0,0,0.0,0.0,0.0,0.0,1000.0
197,none,0,0,0.0,0.0,0.0,0.0,1000.0
198,none,0,0,0.0,0.0,0.0,0.0,1000.0
199,none,0,0,0.0,0.0,0.0,0.0,1000.0
200,none,0,0,0.0,0.0,0.0,0.0,1000.0
201,none,0,0,0.0,0.0,0.0,0.0,1000.0
202,none,0,0,0.0,0.0,0.0,0.0,1000.0
203,none,0,0,0.0,0.0,0.0,0.0,1000.0
204,none,0,0,0.0,0.0,0.0,0.0,1000.0
205,none,0,0,0.0,0.0,0.0,0.0,1000.0
206,none,0,0,0.0,0.0,0.0,0.0,1000.0
207,none,0,0,0.0,0.0,0.0,0.0,1000.0
208,none,0,0,0.0,0.0,0.0,0.0,1000.0
209,none,0,0,0.0,0.0,0.0,0.0,1000.0
210,none,0,0,0.0,0.0,0.0,0.0,1000.0
211,none,0,0,0.0,0.0,0.0,0.0,1000.0
212,none,0,0,0.0,0.0,0.0,0.0,1000.0
213,none,0,0,0.0,0.0,0.0,0.0,1000.0
214,none,0,0,0.0,0.0,0.0,0.0,1000.0
215,none,0,0,0.0,0.0,0.0,0.0,1000.0
216,none,0,0,0.0,0.0,0.0,0.0,1000.0
217,none,0,0,0.0,0.0,0.0,0.0,1000.0
218,none,0,0,0.0,0.0,0.0,0.0,1000.0
219,none,0,0,0.0,0.0,0.0,0.0,1000.0
220,none,0,0,0.0,0.0,0.0,0.0,1000.0
221,none,0,0,0.0,0.0,0.0,0.0,1000.0
222,none,0,0,0.0,0.0,0.0,0.0,1000.0
223,none,0,0,0.0,0.0,0.0,0.0,1000.0
224,none,0,0,0.0,0.0,0.0,0.0,1000.0
225,none,0,0,0.0,0.0,0.0,0.0,1000.0
226,none,0,0,0.0,0.0,0.0,0.0,1000.0
227,none,0,0,0.0,0.0,0.0,0.0,1000.0
228,none,0,0,0.0,0.0,0.0,0.0,1000.0
229,none,0,0,0.0,0.0,0.0,0.0,1000.0
230,none,0,0,0.0,0.0,0.0,0.0,1000.0
231,none,0,0,0.0,0.0,0.0,0.0,1000.0
232,none,0,0,0.0,0.0,0.0,0.0,1000.0
233,none,0,0,0.0,0.0,0.0,0.0,1000.0
234,none,0,0,0.0,0.0,0.0,0.0,1000.0
235,none,0,0,0.0,0.0,0.0,0.0,1000.0
236,none,0,0,0.0,0.0,0.0,0.0,1000.0
237,none,0,0,0.0,0.0,0.0,0.0,1000.0
238,none,0,0,0.0,0.0,0.0,0.0,1000.0
239,none,0,0,0.0,0.0,0.0,0.0,1000.0
240,none,0,0,0.0,0.0,0.0,0.0,1000.0
241,none,0,0,0.0,0.0,0.0,0.0,1000.0
242,none,0,0,0.0,0.0,0.0,0.0,1000.0
243,none,0,0,0.0,0.0,0.0,0.0,1000.0
244,none,0,0,0.0,0.0,0.0,0.0,1000.0
245,none,0,0,0.0,0.0,0.0,0.0,1000.0
246,none,0,0,0.0,0.0,0.0,0.0,1000.0
247,none,0,0,0.0,0.0,0.0,0.0,1000.0
248,none,0,0,0.0,0.0,0.0,0.0,1000.0
249,none,0,0,0.0,0.0,0.0,0.0,1000.0
250,none,0,0,0.0,0.0,0.0,0.0,1000.0
251,none,0,0,0.0,0.0,0.0,0.0,1000.0
252,none,0,0,0.0,0.0,0.0,0.0,1000.0
253,none,0,0,0.0,0.0,0.0,0.0,1000.0
254,none,0,0,0.0,0.0,0.0,0.0,1000.0
255,none,0,0,0.0,0.0,0.0,0.0,1000.0
256,none,0,0,0.0,0.0,0.0,0.0,1000.0
257,none,0,0,0.0,0.0,0.0,0.0,1000.0
258,none,0,0,0.0,0.0,0.0,0.0,1000.0
259,none,0,0,0.0,0.0,0.0,0.0,1000.0
260,none,0,0,0.0,0.0,0.0,0.0,1000.0
261,none,0,0,0.0,0.0,0.0,0.0,1000.0
262,none,0,0,0.0,0.0,0.0,0.0,1000.0
263,none,0,0,0.0,0.0,0.0,0.0,1000.0
264,none,0,0,0.0,0.0,0.0,0.0,1000.0
265,none,0,0,0.0,0.0,0.0,0.0,1000.0
266,none,0,0,0.0,0.0,0.0,0.0,1000.0
267,none,0,0,0.0,0.0,0.0,0.0,1000.0
268,none,0,0,0.0,0.0,0.0,0.0,1000.0
269,none,0,0,0.0,0.0,0.0,0.0,1000.0
270,none,0,0,0.0,0.0,0.0,0.0,1000.0
271,none,0,0,0.0,0.0,0.0,0.0,1000.0
272,none,0,0,0.0,0.0,0.0,0.0,1000.0
273,none,0,0,0.0,0.0,0.0,0.0,1000.0
274,none,0,0,0.0,0.0,0.0,0.0,1000.0
275,none,0,0,0.0,0.0,0.0,0.0,1000.0
276,none,0,0,0.0,0.0,0.0,0.0,1000.0
277,none,0,0,0.0,0.0,0.0,0.0,1000.0
278,none,0,0,0.0,0.0,0.0,0.0,1000.0
279,none,0,0,0.0,0.0,0.0,0.0,1000.0
280,none,0,0,0.0,0.0,0.0,0.0,1000.0
281,none,0,0,0.0,0.0,0.0,0.0,1000.0
282,none,0,0,0.0,0.0,0.0,0.0,1000.0
283,none,0,0,0.0,0.0,0.0,0.0,1000.0
284,none,0,0,0.0,0.0,0.0,0.0,1000.0
285,none,0,0,0.0,0.0,0.0,0.0,1000.0
286,none,0,0,0.0,0.0,0.0,0.0,1000.0
287,none,0,0,0.0,0.0,0.0,0.0,1000.0
288,none,0,0,0.0,0.0,0.0,0.0,1000.0
289,none,0,0,0.0,0.0,0.0,0.0,1000.0
290,none,0,0,0.0,0.0,0.0,0.0,1000.0
291,none,0,0,0.0,0.0,0.0,0.0,1000.0
292,none,0,0,0.0,0.0,0.0,0.0,1000.0
293,none,0,0,0.0,0.0,0.0,0.0,1000.0
294,none,0,0,0.0,0.0,0.0,0.0,1000.0
295,none,0,0,0.0,0.0,0.0,0.0,1000.0
296,none,0,0,0.0,0.0,0.0,0.0,1000.0
297,none,0,0,0.0,0.0,0.0,0.0,1000.0
298,none,0,0,0.0,0.0,0.0,0.0,1000.0
299,none,0,0,0.0,0.0,0.0,0.0,1000.0
300,none,0,0,0.0,0.0,0.0,0.0,1000.0
301,none,0,0,0.0,0.0,0.0,0.0,1000.0
302,none,0,0,0.0,0.0,0.0,0.0,1000.0
303,none,0,0,0.0,0.0,0.0,0.0,1000.0
304,none,0,0,0.0,0.0,0.0,0.0,1000.0
305,none,0,0,0.0,0.0,0.0,0.0,1000.0
306,none,0,0,0.0,0.0,0.0,0.0,1000.0
307,none,0,0,0.0,0.0,0.0,0.0,1000.0
308,none,0,0,0.0,0.0,0.0,0.0,1000.0
309,none,0,0,0.0,0.0,0.0,0.0,1000.0
310,none,0,0,0.0,0.0,0.0,0.0,1000.0
311,none,0,0,0.0,0.0,0.0,0.0,1000.0
312,none,0,0,0.0,0.0,0.0,0.0,1000.0
313,none,0,0,0.0,0.0,0.0,0.0,1000.0
314,none,0,0,0.0,0.0,0.0,0.0,1000.0
315,none,0,0,0.0,0.0,0.0,0.0,1000.0
316,none,0,0,0.0,0.0,0.0,0.0,1000.0
317,none,0,0,0.0,0.0,0.0,0.0,1000.0
318,none,0,0,0.0,0.0,0.0,0.0,1000.0
319,none,0,0,0.0,0.0,0.0,0.0,1000.0
320,none,0,0,0.0,0.0,0.0,0.0,1000.0
321,none,0,0,0.0,0.0,0.0,0.0,1000.0
322,none,0,0,0.0,0.0,0.0,0.0,1000.0
323,none,0,0,0.0,0.0,0.0,0.0,1000.0
324,none,0,0,0.0,0.0,0.0,0.0,1000.0
325,none,0,0,0.0,0.0,0.0,0.0,1000.0
326,none,0,0,0.0,0.0,0.0,0.0,1000.0
327,none,0,0,0.0,0.0,0.0,0.0,1000.0
328,none,0,0,0.0,0.0,0.0,0.0,1000.0
329,none,0,0,0.0,0.0,0.0,0.0,1000.0
330,none,0,0,0.0,0.0,0.0,0.0,1000.0
331,none,0,0,0.0,0.0,0.0,0.0,1000.0
332,none,0,0,0.0,0.0,0.0,0.0,1000.0
333,none,0,0,0.0,0.0,0.0,0.0,1000.0
334,none,0,0,0.0,0.0,0.0,0.0,1000.0
335,none,0,0,0.0,0.0,0.0,0.0,1000.0
336,none,0,0,0.0,0.0,0.0,0.0,1000.0
337,none,0,0,0.0,0.0,0.0,0.0,1000.0
338,none,0,0,0.0,0.0,0.0,0.0,1000.0
339,none,0,0,0.0,0.0,0.0,0.0,1000.0
340,none,0,0,0.0,0.0,0.0,0.0,1000.0
341,none,0,0,0.0,0.0,0.0,0.0,1000.0
342,none,0,0,0.0,0.0,0.0,0.0,1000.0
343,none,0,0,0.0,0.0,0.0,0.0,1000.0
344,none,0,0,0.0,0.0,0.0,0.0,1000.0
345,none,0,0,0.0,0.0,0.0,0.0,1000.0
346,none,0,0,0.0,0.0,0.0,0.0,1000.0
347,none,0,0,0.0,0.0,0.0,0.0,1000.0
348,none,0,0,0.0,0.0,0.0,0.0,1000.0
349,none,0,0,0.0,0.0,0.0,0.0,1000.0
350,none,0,0,0.0,0.0,0.0,0.0,1000.0
351,none,0,0,0.0,0.0,0.0,0.0,1000.0
352,none,0,0,0.0,0.0,0.0,0.0,1000.0
353,none,0,0,0.0,0.0,0.0,0.0,1000.0
354,none,0,0,0.0,0.0,0.0,0.0,1000.0
355,none,0,0,0.0,0.0,0.0,0.0,1000.0
356,none,0,0,0.0,0.0,0.0,0.0,1000.0
357,none,0,0,0.0,0.0,0.0,0.0,1000.0
358,none,0,0,0.0,0.0,0.0,0.0,1000.0
359,none,0,0,0.0,0.0,0.0,0.0,1000.0
360,none,0,0,0.0,0.0,0.0,0.0,1000.0
361,none,0,0,0.0,0.0,0.0,0.0,1000.0
362,none,0,0,0.0,0.0,0.0,0.0,1000.0
363,none,0,0,0.0,0.0,0.0,0.0,1000.0
364,none,0,0,0.0,0.0,0.0,0.0,1000.0
365,none,0,0,0.0,0.0,0.0,0.0,1000.0
366,none,0,0,0.0,0.0,0.0,0.0,1000.0
367,none,0,0,0.0,0.0,0.0,0.0,1000.0
368,none,0,0,0.0,0.0,0.0,0.0,1000.0
369,none,0,0,0.0,0.0,0.0,0.0,1000.0
370,none,0,0,0.0,0.0,0.0,0.0,1000.0
371,none,0,0,0.0,0.0,0.0,0.0,1000.0
372,none,0,0,0.0,0.0,0.0,0.0,1000.0
373,none,0,0,0.0,0.0,0.0,0.0,1000.0
374,none,0,0,0.0,0.0,0.0,0.0,1000.0
375,none,0,0,0.0,0.0,0.0,0.0,1000.0
376,none,0,0,0.0,0.0,0.0,0.0,1000.0
377,none,0,0,0.0,0.0,0.0,0.0,1000.0
378,none,0,0,0.0,0.0,0.0,0.0,1000.0
379,none,0,0,0.0,0.0,0.0,0.0,1000.0
380,none,0,0,0.0,0.0,0.0,0.0,1000.0
381,none,0,0,0.0,0.0,0.0,0.0,1000.0
382,none,0,0,0.0,0.0,0.0,0.0,1000.0
383,none,0,0,0.0,0.0,0.0,0.0,1000.0
384,none,0,0,0.0,0.0,0.0,0.0,1000.0
385,none,0,0,0.0,0.0,0.0,0.0,1000.0
386,none,0,0,0.0,0.0,0.0,0.0,1000.0
387,none,0,0,0.0,0.0,0.0,0.0,1000.0
388,none,0,0,0.0,0.0,0.0,0.0,1000.0
389,none,0,0,0.0,0.0,0.0,0.0,1000.0
390,none,0,0,0.0,0.0,0.0,0.0,1000.0
391,none,0,0,0.0,0.0,0.0,0.0,1000.0
392,none,0,0,0.0,0.0,0.0,0.0,1000.0
393,none,0,0,0.0,0.0,0.0,0.0,1000.0
394,none,0,0,0.0,0.0,0.0,0.0,1000.0
395,none,0,0,0.0,0.0,0.0,0.0,1000.0
396,none,0,0,0.0,0.0,0.0,0.0,1000.0
397,none,0,0,0.0,0.0,0.0,0.0,1000.0
398,none,0,0,0.0,0.0,0.0,0.0,1000.0
399,none,0,0,0.0,0.0,0.0,0.0,1000.0
400,none,0,0,0.0,0.0,0.0,0.0,1000.0
401,none,0,0,0.0,0.0,0.0,0.0,1000.0
402,none,0,0,0.0,0.0,0.0,0.0,1000.0
403,none,0,0,0.0,0.0,0.0,0.0,1000.0
404,none,0,0,0.0,0.0,0.0,0.0,1000.0
405,none,0,0,0.0,0.0,0.0,0.0,1000.0
406,none,0,0,0.0,0.0,0.0,0.0,1000.0
407,none,0,0,0.0,0.0,0.0,0.0,1000.0
408,none,0,0,0.0,0.0,0.0,0.0,1000.0
409,none,0,0,0.0,0.0,0.0,0.0,1000.0
410,none,0,0,0.0,0.0,0.0,0.0,1000.0
411,none,0,0,0.0,0.0,0.0,0.0,1000.0
412,none,0,0,0.0,0.0,0.0,0.0,1000.0
413,none,0,0,0.0,0.0,0.0,0.0,1000.0
414,none,0,0,0.0,0.0,0.0,0.0,1000.0
415,none,0,0,0.0,0.0,0.0,0.0,1000.0
416,none,0,0,0.0,0.0,0.0,0.0,1000.0
417,none,0,0,0.0,0.0,0.0,0.0,1000.0
418,none,0,0,0.0,0.0,0.0,0.0,1000.0
419,none,0,0,0.0,0.0,0.0,0.0,1000.0
420,none,0,0,0.0,0.0,0.0,0.0,1000.0
421,none,0,0,0.0,0.0,0.0,0.0,1000.0
422,none,0,0,0.0,0.0,0.0,0.0,1000.0
423,none,0,0,0.0,0.0,0.0,0.0,1000.0
424,none,0,0,0.0,0.0,0.0,0.0,1000.0
425,none,0,0,0.0,0.0,0.0,0.0,1000.0
426,none,0,0,0.0,0.0,0.0,0.0,1000.0
427,none,0,0,0.0,0.0,0.0,0.0,1000.0
428,none,0,0,0.0,0.0,0.0,0.0,1000.0
429,none,0,0,0.0,0.0,0.0,0.0,1000.0
430,none,0,0,0.0,0.0,0.0,0.0,1000.0
431,none,0,0,0.0,0.0,0.0,0.0,1000.0
432,none,0,0,0.0,0.0,0.0,0.0,1000.0
433,none,0,0,0.0,0.0,0.0,0.0,1000.0
434,none,0,0,0.0,0.0,0.0,0.0,1000.0
435,none,0,0,0.0,0.0,0.0,0.0,1000.0
436,none,0,0,0.0,0.0,0.0,0.0,1000.0
437,none,0,0,0.0,0.0,0.0,0.0,1000.0
438,none,0,0,0.0,0.0,0.0,0.0,1000.0
439,none,0,0,0.0,0.0,0.0,0.0,1000.0
440,none,0,0,0.0,0.0,0.0,0.0,1000.0
441,none,0,0,0.0,0.0,0.0,0.0,1000.0
442,none,0,0,0.0,0.0,0.0,0.0,1000.0
443,none,0,0,0.0,0.0,0.0,0.0,1000.0
444,none,0,0,0.0,0.0,0.0,0.0,1000.0
445,none,0,0,0.0,0.0,0.0,0.0,1000.0
446,none,0,0,0.0,0.0,0.0,0.0,1000.0
447,none,0,0,0.0,0.0,0.0,0.0,1000.0
448,none,0,0,0.0,0.0,0.0,0.0,1000.0
449,none,0,0,0.0,0.0,0.0,0.0,1000.0
450,none,0,0,0.0,0.0,0.0,0.0,1000.0
451,none,0,0,0.0,0.0,0.0,0.0,1000.0
452,none,0,0,0.0,0.0,0.0,0.0,1000.0
453,none,0,0,0.0,0.0,0.0,0.0,1000.0
454,none,0,0,0.0,0.0,0.0,0.0,1000.0
455,none,0,0,0.0,0.0,0.0,0.0,1000.0
456,none,0,0,0.0,0.0,0.0,0.0,1000.0
457,none,0,0,0.0,0.0,0.0,0.0,1000.0
458,none,0,0,0.0,0.0,0.0,0.0,1000.0
459,none,0,0,0.0,0.0,0.0,0.0,1000.0
460,none,0,0,0.0,0.0,0.0,0.0,1000.0
461,none,0,0,0.0,0.0,0.0,0.0,1000.0
462,none,0,0,0.0,0.0,0.0,0.0,1000.0
463,none,0,0,0.0,0.0,0.0,0.0,1000.0
464,none,0,0,0.0,0.0,0.0,0.0,1000.0
465,none,0,0,0.0,0.0,0.0,0.0,1000.0
466,none,0,0,0.0,0.0,0.0,0.0,1000.0
467,none,0,0,0.0,0.0,0.0,0.0,1000.0
468,none,0,0,0.0,0.0,0.0,0.0,1000.0
469,none,0,0,0.0,0.0,0.0,0.0,1000.0
470,none,0,0,0.0,0.0,0.0,0.0,1000.0
471,none,0,0,0.0,0.0,0.0,0.0,1000.0
472,none,0,0,0.0,0.0,0.0,0.0,1000.0
473,none,0,0,0.0,0.0,0.0,0.0,1000.0
474,none,0,0,0.0,0.0,0.0,0.0,1000.0
475,none,0,0,0.0,0.0,0.0,0.0,1000.0
476,none,0,0,0.0,0.0,0.0,0.0,1000.0
477,none,0,0,0.0,0.0,0.0,0.0,1000.0
478,none,0,0,0.0,0.0,0.0,0.0,1000.0
479,none,0,0,0.0,0.0,0.0,0.0,1000.0
480,none,0,0,0.0,0.0,0.0,0.0,1000.0
481,none,0,0,0.0,0.0,0.0,0.0,1000.0
482,none,0,0,0.0,0.0,0.0,0.0,1000.0
483,none,0,0,0.0,0.0,0.0,0.0,1000.0
484,none,0,0,0.0,0.0,0.0,0.0,1000.0
485,none,0,0,0.0,0.0,0.0,0.0,1000.0
486,none,0,0,0.0,0.0,0.0,0.0,1000.0
487,none,0,0,0.0,0.0,0.0,0.0,1000.0
488,none,0,0,0.0,0.0,0.0,0.0,1000.0
489,none,0,0,0.0,0.0,0.0,0.0,1000.0
490,none,0,0,0.0,0.0,0.0,0.0,1000.0
491,none,0,0,0.0,0.0,0.0,0.0,1000.0
492,none,0,0,0.0,0.0,0.0,0.0,1000.0
493,none,0,0,0.0,0.0,0.0,0.0,1000.0
494,none,0,0,0.0,0.0,0.0,0.0,1000.0
495,none,0,0,0.0,0.0,0.0,0.0,1000.0
496,none,0,0,0.0,0.0,0.0,0.0,1000.0
497,none,0,0,0.0,0.0,0.0,0.0,1000.0
498,none,0,0,0.0,0.0,0.0,0.0,1000.0
499,none,0,0,0.0,0.0,0.0,0.0,1000.0
500,none,0,0,0.0,0.0,0.0,0.0,1000.0
501,none,0,0,0.0,0.0,0.0,0.0,1000.0
502,none,0,0,0.0,0.0,0.0,0.0,1000.0
503,none,0,0,0.0,0.0,0.0,0.0,1000.0
504,none,0,0,0.0,0.0,0.0,0.0,1000.0
505,none,0,0,0.0,0.0,0.0,0.0,1000.0
506,none,0,0,0.0,0.0,0.0,0.0,1000.0
507,none,0,0,0.0,0.0,0.0,0.0,1000.0
508,none,0,0,0.0,0.0,0.0,0.0,1000.0
509,none,0,0,0.0,0.0,0.0,0.0,1000.0
510,none,0,0,0.0,0.0,0.0,0.0,1000.0
511,none,0,0,0.0,0.0,0.0,0.0,1000.0
512,none,0,0,0.0,0.0,0.0,0.0,1000.0
513,none,0,0,0.0,0.0,0.0,0.0,1000.0
514,none,0,0,0.0,0.0,0.0,0.0,1000.0
515,none,0,0,0.0,0.0,0.0,0.0,1000.0
516,none,0,0,0.0,0.0,0.0,0.0,1000.0
517,none,0,0,0.0,0.0,0.0,0.0,1000.0
518,none,0,0,0.0,0.0,0.0,0.0,1000.0
519,none,0,0,0.0,0.0,0.0,0.0,1000.0
520,none,0,0,0.0,0.0,0.0,0.0,1000.0
521,none,0,0,0.0,0.0,0.0,0.0,1000.0
522,none,0,0,0.0,0.0,0.0,0.0,1000.0
523,none,0,0,0.0,0.0,0.0,0.0,1000.0
524,none,0,0,0.0,0.0,0.0,0.0,1000.0
525,none,0,0,0.0,0.0,0.0,0.0,1000.0
526,none,0,0,0.0,0.0,0.0,0.0,1000.0
527,none,0,0,0.0,0.0,0.0,0.0,1000.0
528,none,0,0,0.0,0.0,0.0,0.0,1000.0
529,none,0,0,0.0,0.0,0.0,0.0,1000.0
530,none,0,0,0.0,0.0,0.0,0.0,1000.0
531,none,0,0,0.0,0.0,0.0,0.0,1000.0
532,none,0,0,0.0,0.0,0.0,0.0,1000.0
533,none,0,0,0.0,0.0,0.0,0.0,1000.0
534,none,0,0,0.0,0.0,0.0,0.0,1000.0
535,none,0,0,0.0,0.0,0.0,0.0,1000.0
536,none,0,0,0.0,0.0,0.0,0.0,1000.0
537,none,0,0,0.0,0.0,0.0,0.0,1000.0
538,none,0,0,0.0,0.0,0.0,0.0,1000.0
539,none,0,0,0.0,0.0,0.0,0.0,1000.0
540,none,0,0,0.0,0.0,0.0,0.0,1000.0
541,none,0,0,0.0,0.0,0.0,0.0,1000.0
542,none,0,0,0.0,0.0,0.0,0.0,1000.0
543,none,0,0,0.0,0.0,0.0,0.0,1000.0
544,none,0,0,0.0,0.0,0.0,0.0,1000.0
545,none,0,0,0.0,0.0,0.0,0.0,1000.0
546,none,0,0,0.0,0.0,0.0,0.0,1000.0
547,none,0,0,0.0,0.0,0.0,0.0,1000.0
548,none,0,0,0.0,0.0,0.0,0.0,1000.0
549,none,0,0,0.0,0.0,0.0,0.0,1000.0
550,none,0,0,0.0,0.0,0.0,0.0,1000.0
551,none,0,0,0.0,0.0,0.0,0.0,1000.0
552,none,0,0,0.0,0.0,0.0,0.0,1000.0
553,none,0,0,0.0,0.0,0.0,0.0,1000.0
554,none,0,0,0.0,0.0,0.0,0.0,1000.0
555,none,0,0,0.0,0.0,0.0,0.0,1000.0
556,none,0,0,0.0,0.0,0.0,0.0,1000.0
557,none,0,0,0.0,0.0,0.0,0.0,1000.0
558,none,0,0,0.0,0.0,0.0,0.0,1000.0
559,none,0,0,0.0,0.0,0.0,0.0,1000.0
560,none,0,0,0.0,0.0,0.0,0.0,1000.0
561,none,0,0,0.0,0.0,0.0,0.0,1000.0
562,none,0,0,0.0,0.0,0.0,0.0,1000.0
563,none,0,0,0.0,0.0,0.0,0.0,1000.0
564,none,0,0,0.0,0.0,0.0,0.0,1000.0
565,none,0,0,0.0,0.0,0.0,0.0,1000.0
566,none,0,0,0.0,0.0,0.0,0.0,1000.0
567,none,0,0,0.0,0.0,0.0,0.0,1000.0
568,none,0,0,0.0,0.0,0.0,0.0,1000.0
569,none,0,0,0.0,0.0,0.0,0.0,1000.0
570,none,0,0,0.0,0.0,0.0,0.0,1000.0
571,none,0,0,0.0,0.0,0.0,0.0,1000.0
572,none,0,0,0.0,0.0,0.0,0.0,1000.0
573,none,0,0,0.0,0.0,0.0,0.0,1000.0
574,none,0,0,0.0,0.0,0.0,0.0,1000.0
575,none,0,0,0.0,0.0,0.0,0.0,1000.0
576,none,0,0,0.0,0.0,0.0,0.0,1000.0
577,none,0,0,0.0,0.0,0.0,0.0,1000.0
578,none,0,0,0.0,0.0,0.0,0.0,1000.0
579,none,0,0,0.0,0.0,0.0,0.0,1000.0
580,none,0,0,0.0,0.0,0.0,0.0,1000.0
581,none,0,0,0.0,0.0,0.0,0.0,1000.0
582,none,0,0,0.0,0.0,0.0,0.0,1000.0
583,none,0,0,0.0,0.0,0.0,0.0,1000.0
584,none,0,0,0.0,0.0,0.0,0.0,1000.0
585,none,0,0,0.0,0.0,0.0,0.0,1000.0
586,none,0,0,0.0,0.0,0.0,0.0,1000.0
587,none,0,0,0.0,0.0,0.0,0.0,1000.0
588,none,0,0,0.0,0.0,0.0,0.0,1000.0
589,none,0,0,0.0,0.0,0.0,0.0,1000.0
590,none,0,0,0.0,0.0,0.0,0.0,1000.0
591,none,0,0,0.0,0.0,0.0,0.0,1000.0
592,none,0,0,0.0,0.0,0.0,0.0,1000.0
593,none,0,0,0.0,0.0,0.0,0.0,1000.0
594,none,0,0,0.0,0.0,0.0,0.0,1000.0
595,none,0,0,0.0,0.0,0.0,0.0,1000.0
596,none,0,0,0.0,0.0,0.0,0.0,1000.0
597,none,0,0,0.0,0.0,0.0,0.0,1000.0
598,none,0,0,0.0,0.0,0.0,0.0,1000.0
599,none,0,0,0.0,0.0,0.0,0.0,1000.0
600,none,0,0,0.0,0.0,0.0,0.0,1000.0
601,none,0,0,0.0,0.0,0.0,0.0,1000.0
602,none,0,0,0.0,0.0,0.0,0.0,1000.0
603,none,0,0,0.0,0.0,0.0,0.0,1000.0
604,none,0,0,0.0,0.0,0.0,0.0,1000.0
605,none,0,0,0.0,0.0,0.0,0.0,1000.0
606,none,0,0,0.0,0.0,0.0,0.0,1000.0
607,none,0,0,0.0,0.0,0.0,0.0,1000.0
608,none,0,0,0.0,0.0,0.0,0.0,1000.0
609,none,0,0,0.0,0.0,0.0,0.0,1000.0
610,none,0,0,0.0,0.0,0.0,0.0,1000.0
611,none,0,0,0.0,0.0,0.0,0.0,1000.0
612,none,0,0,0.0,0.0,0.0,0.0,1000.0
613,none,0,0,0.0,0.0,0.0,0.0,1000.0
614,none,0,0,0.0,0.0,0.0,0.0,1000.0
615,none,0,0,0.0,0.0,0.0,0.0,1000.0
616,none,0,0,0.0,0.0,0.0,0.0,1000.0
617,none,0,0,0.0,0.0,0.0,0.0,1000.0
618,none,0,0,0.0,0.0,0.0,0.0,1000.0
619,none,0,0,0.0,0.0,0.0,0.0,1000.0
620,none,0,0,0.0,0.0,0.0,0.0,1000.0
621,none,0,0,0.0,0.0,0.0,0.0,1000.0
622,none,0,0,0.0,0.0,0.0,0.0,1000.0
623,none,0,0,0.0,0.0,0.0,0.0,1000.0
624,none,0,0,0.0,0.0,0.0,0.0,1000.0
625,none,0,0,0.0,0.0,0.0,0.0,1000.0
626,none,0,0,0.0,0.0,0.0,0.0,1000.0
627,none,0,0,0.0,0.0,0.0,0.0,1000.0
628,none,0,0,0.0,0.0,0.0,0.0,1000.0
629,none,0,0,0.0,0.0,0.0,0.0,1000.0
630,none,0,0,0.0,0.0,0.0,0.0,1000.0
631,none,0,0,0.0,0.0,0.0,0.0,1000.0
632,none,0,0,0.0,0.0,0.0,0.0,1000.0
633,none,0,0,0.0,0.0,0.0,0.0,1000.0
634,none,0,0,0.0,0.0,0.0,0.0,1000.0
635,none,0,0,0.0,0.0,0.0,0.0,1000.0
636,none,0,0,0.0,0.0,0.0,0.0,1000.0
637,none,0,0,0.0,0.0,0.0,0.0,1000.0
638,none,0,0,0.0,0.0,0.0,0.0,1000.0
639,none,0,0,0.0,0.0,0.0,0.0,1000.0
640,none,0,0,0.0,0.0,0.0,0.0,1000.0
641,none,0,0,0.0,0.0,0.0,0.0,1000.0
642,none,0,0,0.0,0.0,0.0,0.0,1000.0
643,none,0,0,0.0,0.0,0.0,0.0,1000.0
644,none,0,0,0.0,0.0,0.0,0.0,1000.0
645,none,0,0,0.0,0.0,0.0,0.0,1000.0
646,none,0,0,0.0,0.0,0.0,0.0,1000.0
647,none,0,0,0.0,0.0,0.0,0.0,1000.0
648,none,0,0,0.0,0.0,0.0,0.0,1000.0
649,none,0,0,0.0,0.0,0.0,0.0,1000.0
650,none,0,0,0.0,0.0,0.0,0.0,1000.0
651,none,0,0,0.0,0.0,0.0,0.0,1000.0
652,none,0,0,0.0,0.0,0.0,0.0,1000.0
653,none,0,0,0.0,0.0,0.0,0.0,1000.0
654,none,0,0,0.0,0.0,0.0,0.0,1000.0
655,none,0,0,0.0,0.0,0.0,0.0,1000.0
656,none,0,0,0.0,0.0,0.0,0.0,1000.0
657,none,0,0,0.0,0.0,0.0,0.0,1000.0
658,none,0,0,0.0,0.0,0.0,0.0,1000.0
659,none,0,0,0.0,0.0,0.0,0.0,1000.0
660,none,0,0,0.0,0.0,0.0,0.0,1000.0
661,none,0,0,0.0,0.0,0.0,0.0,1000.0
662,none,0,0,0.0,0.0,0.0,0.0,1000.0
663,none,0,0,0.0,0.0,0.0,0.0,1000.0
664,none,0,0,0.0,0.0,0.0,0.0,1000.0
665,none,0,0,0.0,0.0,0.0,0.0,1000.0
666,none,0,0,0.0,0.0,0.0,0.0,1000.0
667,none,0,0,0.0,0.0,0.0,0.0,1000.0
668,none,0,0,0.0,0.0,0.0,0.0,1000.0
669,none,0,0,0.0,0.0,0.0,0.0,1000.0
670,none,0,0,0.0,0.0,0.0,0.0,1000.0
671,none,0,0,0.0,0.0,0.0,0.0,1000.0
672,none,0,0,0.0,0.0,0.0,0.0,1000.0
673,none,0,0,0.0,0.0,0.0,0.0,1000.0
674,none,0,0,0.0,0.0,0.0,0.0,1000.0
675,none,0,0,0.0,0.0,0.0,0.0,1000.0
676,none,0,0,0.0,0.0,0.0,0.0,1000.0
677,none,0,0,0.0,0.0,0.0,0.0,1000.0
678,none,0,0,0.0,0.0,0.0,0.0,1000.0
679,none,0,0,0.0,0.0,0.0,0.0,1000.0
680,none,0,0,0.0,0.0,0.0,0.0,1000.0
681,none,0,0,0.0,0.0,0.0,0.0,1000.0
682,none,0,0,0.0,0.0,0.0,0.0,1000.0
683,none,0,0,0.0,0.0,0.0,0.0,1000.0
684,none,0,0,0.0,0.0,0.0,0.0,1000.0
685,none,0,0,0.0,0.0,0.0,0.0,1000.0
686,none,0,0,0.0,0.0,0.0,0.0,1000.0
687,none,0,0,0.0,0.0,0.0,0.0,1000.0
688,none,0,0,0.0,0.0,0.0,0.0,1000.0
689,none,0,0,0.0,0.0,0.0,0.0,1000.0
690,none,0,0,0.0,0.0,0.0,0.0,1000.0
691,none,0,0,0.0,0.0,0.0,0.0,1000.0
692,none,0,0,0.0,0.0,0.0,0.0,1000.0
693,none,0,0,0.0,0.0,0.0,0.0,1000.0
694,none,0,0,0.0,0.0,0.0,0.0,1000.0
695,none,0,0,0.0,0.0,0.0,0.0,1000.0
696,none,0,0,0.0,0.0,0.0,0.0,1000.0
697,none,0,0,0.0,0.0,0.0,0.0,1000.0
698,none,0,0,0.0,0.0,0.0,0.0,1000.0
699,none,0,0,0.0,0.0,0.0,0.0,1000.0
700,none,0,0,0.0,0.0,0.0,0.0,1000.0
701,none,0,0,0.0,0.0,0.0,0.0,1000.0
702,none,0,0,0.0,0.0,0.0,0.0,1000.0
703,none,0,0,0.0,0.0,0.0,0.0,1000.0
704,none,0,0,0.0,0.0,0.0,0.0,1000.0
705,none,0,0,0.0,0.0,0.0,0.0,1000.0
706,none,0,0,0.0,0.0,0.0,0.0,1000.0
707,none,0,0,0.0,0.0,0.0,0.0,1000.0
708,none,0,0,0.0,0.0,0.0,0.0,1000.0
709,none,0,0,0.0,0.0,0.0,0.0,1000.0
710,none,0,0,0.0,0.0,0.0,0.0,1000.0
711,none,0,0,0.0,0.0,0.0,0.0,1000.0
712,none,0,0,0.0,0.0,0.0,0.0,1000.0
713,none,0,0,0.0,0.0,0.0,0.0,1000.0
714,none,0,0,0.0,0.0,0.0,0.0,1000.0
715,none,0,0,0.0,0.0,0.0,0.0,1000.0
716,none,0,0,0.0,0.0,0.0,0.0,1000.0
717,none,0,0,0.0,0.0,0.0,0.0,1000.0
718,none,0,0,0.0,0.0,0.0,0.0,1000.0
719,none,0,0,0.0,0.0,0.0,0.0,1000.0
720,none,0,0,0.0,0.0,0.0,0.0,1000.0
721,none,0,0,0.0,0.0,0.0,0.0,1000.0
722,none,0,0,0.0,0.0,0.0,0.0,1000.0
723,none,0,0,0.0,0.0,0.0,0.0,1000.0
724,none,0,0,0.0,0.0,0.0,0.0,1000.0
725,none,0,0,0.0,0.0,0.0,0.0,1000.0
726,none,0,0,0.0,0.0,0.0,0.0,1000.0
727,none,0,0,0.0,0.0,0.0,0.0,1000.0
728,none,0,0,0.0,0.0,0.0,0.0,1000.0
729,none,0,0,0.0,0.0,0.0,0.0,1000.0
730,none,0,0,0.0,0.0,0.0,0.0,1000.0
731,none,0,0,0.0,0.0,0.0,0.0,1000.0
732,none,0,0,0.0,0.0,0.0,0.0,1000.0
733,none,0,0,0.0,0.0,0.0,0.0,1000.0
734,none,0,0,0.0,0.0,0.0,0.0,1000.0
735,none,0,0,0.0,0.0,0.0,0.0,1000.0
736,none,0,0,0.0,0.0,0.0,0.0,1000.0
737,none,0,0,0.0,0.0,0.0,0.0,1000.0
738,none,0,0,0.0,0.0,0.0,0.0,1000.0
739,none,0,0,0.0,0.0,0.0,0.0,1000.0
740,none,0,0,0.0,0.0,0.0,0.0,1000.0
741,none,0,0,0.0,0.0,0.0,0.0,1000.0
742,none,0,0,0.0,0.0,0.0,0.0,1000.0
743,none,0,0,0.0,0.0,0.0,0.0,1000.0
744,none,0,0,0.0,0.0,0.0,0.0,1000.0
745,none,0,0,0.0,0.0,0.0,0.0,1000.0
746,none,0,0,0.0,0.0,0.0,0.0,1000.0
747,none,0,0,0.0,0.0,0.0,0.0,1000.0
748,none,0,0,0.0,0.0,0.0,0.0,1000.0
749,none,0,0,0.0,0.0,0.0,0.0,1000.0
750,none,0,0,0.0,0.0,0.0,0.0,1000.0
751,none,0,0,0.0,0.0,0.0,0.0,1000.0
752,none,0,0,0.0,0.0,0.0,0.0,1000.0
753,none,0,0,0.0,0.0,0.0,0.0,1000.0
754,none,0,0,0.0,0.0,0.0,0.0,1000.0
755,none,0,0,0.0,0.0,0.0,0.0,1000.0
756,none,0,0,0.0,0.0,0.0,0.0,1000.0
757,none,0,0,0.0,0.0,0.0,0.0,1000.0
758,none,0,0,0.0,0.0,0.0,0.0,1000.0
759,none,0,0,0.0,0.0,0.0,0.0,1000.0
760,none,0,0,0.0,0.0,0.0,0.0,1000.0
761,none,0,0,0.0,0.0,0.0,0.0,1000.0
762,none,0,0,0.0,0.0,0.0,0.0,1000.0
763,none,0,0,0.0,0.0,0.0,0.0,1000.0
764,none,0,0,0.0,0.0,0.0,0.0,1000.0
765,none,0,0,0.0,0.0,0.0,0.0,1000.0
766,none,0,0,0.0,0.0,0.0,0.0,1000.0
767,none,0,0,0.0,0.0,0.0,0.0,1000.0
768,none,0,0,0.0,0.0,0.0,0.0,1000.0
769,none,0,0,0.0,0.0,0.0,0.0,1000.0
770,none,0,0,0.0,0.0,0.0,0.0,1000.0
771,none,0,0,0.0,0.0,0.0,0.0,1000.0
772,none,0,0,0.0,0.0,0.0,0.0,1000.0
773,none,0,0,0.0,0.0,0.0,0.0,1000.0
774,none,0,0,0.0,0.0,0.0,0.0,1000.0
775,none,0,0,0.0,0.0,0.0,0.0,1000.0
776,none,0,0,0.0,0.0,0.0,0.0,1000.0
777,none,0,0,0.0,0.0,0.0,0.0,1000.0
778,none,0,0,0.0,0.0,0.0,0.0,1000.0
779,none,0,0,0.0,0.0,0.0,0.0,1000.0
780,none,0,0,0.0,0.0,0.0,0.0,1000.0
781,none,0,0,0.0,0.0,0.0,0.0,1000.0
